test_id,PM2.5,PM10,O3
dongsi_aq#0,46 ,76 ,43 
dongsi_aq#1,41 ,76 ,58 
dongsi_aq#2,43 ,76 ,65 
dongsi_aq#3,37 ,72 ,83 
dongsi_aq#4,43 ,68 ,103 
dongsi_aq#5,38 ,67 ,114 
dongsi_aq#6,32 ,66 ,101 
dongsi_aq#7,28 ,62 ,88 
dongsi_aq#8,25 ,72 ,96 
dongsi_aq#9,29 ,73 ,93 
dongsi_aq#10,28 ,73 ,86 
dongsi_aq#11,26 ,69 ,84 
dongsi_aq#12,29 ,73 ,91 
dongsi_aq#13,32 ,72 ,99 
dongsi_aq#14,31 ,72 ,80 
dongsi_aq#15,31 ,71 ,91 
dongsi_aq#16,36 ,77 ,79 
dongsi_aq#17,37 ,83 ,81 
dongsi_aq#18,34 ,80 ,54 
dongsi_aq#19,33 ,79 ,36 
dongsi_aq#20,35 ,79 ,33 
dongsi_aq#21,38 ,72 ,19 
dongsi_aq#22,37 ,72 ,13 
dongsi_aq#23,39 ,68 ,11 
dongsi_aq#24,43 ,65 ,27 
dongsi_aq#25,41 ,63 ,56 
dongsi_aq#26,41 ,61 ,68 
dongsi_aq#27,39 ,69 ,86 
dongsi_aq#28,38 ,81 ,104 
dongsi_aq#29,36 ,79 ,103 
dongsi_aq#30,35 ,86 ,141 
dongsi_aq#31,36 ,80 ,141 
dongsi_aq#32,39 ,79 ,154 
dongsi_aq#33,45 ,88 ,156 
dongsi_aq#34,47 ,87 ,151 
dongsi_aq#35,47 ,90 ,151 
dongsi_aq#36,59 ,97 ,151 
dongsi_aq#37,63 ,98 ,135 
dongsi_aq#38,68 ,94 ,128 
dongsi_aq#39,61 ,79 ,79 
dongsi_aq#40,60 ,82 ,81 
dongsi_aq#41,42 ,73 ,75 
dongsi_aq#42,37 ,56 ,29 
dongsi_aq#43,36 ,46 ,43 
dongsi_aq#44,29 ,45 ,25 
dongsi_aq#45,28 ,36 ,10 
dongsi_aq#46,20 ,34 ,8 
dongsi_aq#47,19 ,37 ,7 
tiantan_aq#0,55 ,103 ,44 
tiantan_aq#1,49 ,108 ,46 
tiantan_aq#2,49 ,103 ,62 
tiantan_aq#3,51 ,106 ,79 
tiantan_aq#4,52 ,99 ,92 
tiantan_aq#5,48 ,92 ,117 
tiantan_aq#6,38 ,84 ,130 
tiantan_aq#7,34 ,82 ,92 
tiantan_aq#8,29 ,77 ,85 
tiantan_aq#9,30 ,75 ,89 
tiantan_aq#10,29 ,71 ,91 
tiantan_aq#11,26 ,69 ,93 
tiantan_aq#12,25 ,69 ,105 
tiantan_aq#13,26 ,68 ,68 
tiantan_aq#14,29 ,69 ,66 
tiantan_aq#15,34 ,74 ,69 
tiantan_aq#16,35 ,89 ,62 
tiantan_aq#17,39 ,91 ,67 
tiantan_aq#18,36 ,93 ,50 
tiantan_aq#19,35 ,91 ,42 
tiantan_aq#20,34 ,89 ,28 
tiantan_aq#21,36 ,81 ,9 
tiantan_aq#22,34 ,83 ,9 
tiantan_aq#23,36 ,82 ,19 
tiantan_aq#24,38 ,84 ,17 
tiantan_aq#25,39 ,85 ,50 
tiantan_aq#26,39 ,76 ,61 
tiantan_aq#27,36 ,79 ,76 
tiantan_aq#28,38 ,83 ,90 
tiantan_aq#29,35 ,78 ,101 
tiantan_aq#30,37 ,78 ,126 
tiantan_aq#31,42 ,79 ,134 
tiantan_aq#32,40 ,81 ,135 
tiantan_aq#33,41 ,90 ,138 
tiantan_aq#34,47 ,91 ,140 
tiantan_aq#35,46 ,94 ,125 
tiantan_aq#36,52 ,100 ,128 
tiantan_aq#37,52 ,98 ,114 
tiantan_aq#38,53 ,93 ,109 
tiantan_aq#39,49 ,85 ,70 
tiantan_aq#40,48 ,91 ,62 
tiantan_aq#41,34 ,72 ,37 
tiantan_aq#42,34 ,69 ,24 
tiantan_aq#43,29 ,55 ,16 
tiantan_aq#44,28 ,53 ,13 
tiantan_aq#45,24 ,48 ,4 
tiantan_aq#46,26 ,48 ,4 
tiantan_aq#47,25 ,48 ,4 
guanyuan_aq#0,49 ,92 ,44 
guanyuan_aq#1,43 ,88 ,50 
guanyuan_aq#2,44 ,93 ,67 
guanyuan_aq#3,45 ,101 ,89 
guanyuan_aq#4,48 ,92 ,110 
guanyuan_aq#5,46 ,89 ,121 
guanyuan_aq#6,41 ,82 ,123 
guanyuan_aq#7,32 ,76 ,87 
guanyuan_aq#8,28 ,71 ,101 
guanyuan_aq#9,30 ,77 ,97 
guanyuan_aq#10,30 ,78 ,96 
guanyuan_aq#11,29 ,83 ,86 
guanyuan_aq#12,32 ,81 ,73 
guanyuan_aq#13,36 ,77 ,110 
guanyuan_aq#14,37 ,82 ,91 
guanyuan_aq#15,35 ,84 ,101 
guanyuan_aq#16,39 ,94 ,80 
guanyuan_aq#17,39 ,103 ,86 
guanyuan_aq#18,38 ,100 ,72 
guanyuan_aq#19,39 ,97 ,55 
guanyuan_aq#20,40 ,99 ,44 
guanyuan_aq#21,47 ,86 ,35 
guanyuan_aq#22,47 ,81 ,21 
guanyuan_aq#23,50 ,88 ,18 
guanyuan_aq#24,53 ,87 ,28 
guanyuan_aq#25,56 ,87 ,60 
guanyuan_aq#26,54 ,78 ,73 
guanyuan_aq#27,47 ,83 ,95 
guanyuan_aq#28,51 ,86 ,116 
guanyuan_aq#29,46 ,90 ,111 
guanyuan_aq#30,47 ,80 ,146 
guanyuan_aq#31,44 ,72 ,135 
guanyuan_aq#32,44 ,71 ,157 
guanyuan_aq#33,47 ,87 ,161 
guanyuan_aq#34,52 ,106 ,164 
guanyuan_aq#35,57 ,105 ,150 
guanyuan_aq#36,67 ,112 ,150 
guanyuan_aq#37,72 ,119 ,143 
guanyuan_aq#38,78 ,112 ,133 
guanyuan_aq#39,67 ,99 ,91 
guanyuan_aq#40,66 ,105 ,88 
guanyuan_aq#41,48 ,99 ,69 
guanyuan_aq#42,45 ,69 ,53 
guanyuan_aq#43,43 ,54 ,22 
guanyuan_aq#44,39 ,50 ,35 
guanyuan_aq#45,36 ,38 ,12 
guanyuan_aq#46,32 ,43 ,11 
guanyuan_aq#47,30 ,40 ,8 
wanshouxig_aq#0,50 ,111 ,53 
wanshouxig_aq#1,49 ,112 ,53 
wanshouxig_aq#2,48 ,116 ,57 
wanshouxig_aq#3,44 ,117 ,84 
wanshouxig_aq#4,47 ,109 ,96 
wanshouxig_aq#5,42 ,107 ,106 
wanshouxig_aq#6,37 ,101 ,96 
wanshouxig_aq#7,26 ,88 ,83 
wanshouxig_aq#8,22 ,88 ,93 
wanshouxig_aq#9,27 ,93 ,89 
wanshouxig_aq#10,25 ,90 ,90 
wanshouxig_aq#11,27 ,90 ,78 
wanshouxig_aq#12,30 ,89 ,85 
wanshouxig_aq#13,35 ,91 ,77 
wanshouxig_aq#14,34 ,93 ,67 
wanshouxig_aq#15,36 ,94 ,77 
wanshouxig_aq#16,40 ,105 ,73 
wanshouxig_aq#17,40 ,108 ,72 
wanshouxig_aq#18,37 ,108 ,61 
wanshouxig_aq#19,37 ,99 ,54 
wanshouxig_aq#20,34 ,98 ,43 
wanshouxig_aq#21,37 ,90 ,24 
wanshouxig_aq#22,40 ,89 ,24 
wanshouxig_aq#23,39 ,86 ,13 
wanshouxig_aq#24,38 ,91 ,23 
wanshouxig_aq#25,38 ,91 ,44 
wanshouxig_aq#26,38 ,84 ,53 
wanshouxig_aq#27,38 ,90 ,72 
wanshouxig_aq#28,38 ,88 ,80 
wanshouxig_aq#29,37 ,97 ,95 
wanshouxig_aq#30,37 ,91 ,133 
wanshouxig_aq#31,37 ,95 ,140 
wanshouxig_aq#32,36 ,97 ,148 
wanshouxig_aq#33,46 ,116 ,153 
wanshouxig_aq#34,48 ,118 ,150 
wanshouxig_aq#35,49 ,122 ,140 
wanshouxig_aq#36,57 ,125 ,137 
wanshouxig_aq#37,58 ,124 ,120 
wanshouxig_aq#38,59 ,116 ,109 
wanshouxig_aq#39,60 ,104 ,65 
wanshouxig_aq#40,64 ,105 ,69 
wanshouxig_aq#41,40 ,93 ,47 
wanshouxig_aq#42,36 ,79 ,33 
wanshouxig_aq#43,27 ,50 ,32 
wanshouxig_aq#44,26 ,44 ,16 
wanshouxig_aq#45,24 ,41 ,3 
wanshouxig_aq#46,22 ,50 ,3 
wanshouxig_aq#47,21 ,47 ,3 
aotizhongx_aq#0,42 ,83 ,49 
aotizhongx_aq#1,41 ,88 ,32 
aotizhongx_aq#2,43 ,89 ,59 
aotizhongx_aq#3,43 ,90 ,76 
aotizhongx_aq#4,44 ,83 ,99 
aotizhongx_aq#5,40 ,79 ,116 
aotizhongx_aq#6,34 ,79 ,86 
aotizhongx_aq#7,31 ,77 ,92 
aotizhongx_aq#8,26 ,70 ,104 
aotizhongx_aq#9,31 ,77 ,100 
aotizhongx_aq#10,27 ,66 ,98 
aotizhongx_aq#11,27 ,64 ,82 
aotizhongx_aq#12,27 ,60 ,88 
aotizhongx_aq#13,30 ,60 ,112 
aotizhongx_aq#14,29 ,62 ,90 
aotizhongx_aq#15,28 ,60 ,82 
aotizhongx_aq#16,32 ,83 ,75 
aotizhongx_aq#17,33 ,79 ,77 
aotizhongx_aq#18,31 ,80 ,41 
aotizhongx_aq#19,33 ,81 ,33 
aotizhongx_aq#20,33 ,81 ,21 
aotizhongx_aq#21,40 ,75 ,14 
aotizhongx_aq#22,43 ,78 ,13 
aotizhongx_aq#23,44 ,75 ,13 
aotizhongx_aq#24,46 ,73 ,21 
aotizhongx_aq#25,46 ,80 ,51 
aotizhongx_aq#26,45 ,77 ,64 
aotizhongx_aq#27,41 ,79 ,81 
aotizhongx_aq#28,37 ,77 ,97 
aotizhongx_aq#29,35 ,74 ,95 
aotizhongx_aq#30,35 ,75 ,127 
aotizhongx_aq#31,36 ,71 ,133 
aotizhongx_aq#32,35 ,72 ,150 
aotizhongx_aq#33,36 ,77 ,153 
aotizhongx_aq#34,38 ,76 ,161 
aotizhongx_aq#35,40 ,86 ,141 
aotizhongx_aq#36,51 ,87 ,151 
aotizhongx_aq#37,54 ,87 ,136 
aotizhongx_aq#38,58 ,88 ,124 
aotizhongx_aq#39,50 ,79 ,87 
aotizhongx_aq#40,51 ,82 ,72 
aotizhongx_aq#41,39 ,67 ,23 
aotizhongx_aq#42,36 ,62 ,23 
aotizhongx_aq#43,33 ,57 ,18 
aotizhongx_aq#44,29 ,49 ,8 
aotizhongx_aq#45,28 ,50 ,3 
aotizhongx_aq#46,21 ,38 ,3 
aotizhongx_aq#47,22 ,36 ,2 
nongzhangu_aq#0,44 ,90 ,29 
nongzhangu_aq#1,43 ,91 ,41 
nongzhangu_aq#2,42 ,97 ,58 
nongzhangu_aq#3,39 ,93 ,70 
nongzhangu_aq#4,41 ,91 ,88 
nongzhangu_aq#5,35 ,82 ,100 
nongzhangu_aq#6,31 ,76 ,79 
nongzhangu_aq#7,29 ,73 ,83 
nongzhangu_aq#8,25 ,69 ,96 
nongzhangu_aq#9,28 ,76 ,91 
nongzhangu_aq#10,25 ,78 ,85 
nongzhangu_aq#11,25 ,79 ,81 
nongzhangu_aq#12,26 ,78 ,71 
nongzhangu_aq#13,27 ,77 ,95 
nongzhangu_aq#14,29 ,78 ,77 
nongzhangu_aq#15,28 ,73 ,79 
nongzhangu_aq#16,32 ,88 ,70 
nongzhangu_aq#17,32 ,91 ,77 
nongzhangu_aq#18,31 ,92 ,56 
nongzhangu_aq#19,32 ,86 ,38 
nongzhangu_aq#20,33 ,85 ,26 
nongzhangu_aq#21,40 ,77 ,13 
nongzhangu_aq#22,41 ,80 ,7 
nongzhangu_aq#23,38 ,78 ,7 
nongzhangu_aq#24,40 ,75 ,8 
nongzhangu_aq#25,38 ,74 ,37 
nongzhangu_aq#26,35 ,65 ,55 
nongzhangu_aq#27,34 ,72 ,68 
nongzhangu_aq#28,35 ,78 ,90 
nongzhangu_aq#29,34 ,74 ,90 
nongzhangu_aq#30,32 ,78 ,120 
nongzhangu_aq#31,33 ,79 ,120 
nongzhangu_aq#32,34 ,85 ,134 
nongzhangu_aq#33,36 ,89 ,142 
nongzhangu_aq#34,39 ,84 ,139 
nongzhangu_aq#35,41 ,94 ,137 
nongzhangu_aq#36,50 ,96 ,137 
nongzhangu_aq#37,55 ,102 ,120 
nongzhangu_aq#38,58 ,98 ,113 
nongzhangu_aq#39,53 ,84 ,74 
nongzhangu_aq#40,55 ,90 ,74 
nongzhangu_aq#41,42 ,82 ,46 
nongzhangu_aq#42,36 ,64 ,34 
nongzhangu_aq#43,32 ,60 ,18 
nongzhangu_aq#44,31 ,53 ,10 
nongzhangu_aq#45,27 ,50 ,3 
nongzhangu_aq#46,28 ,48 ,3 
nongzhangu_aq#47,24 ,42 ,2 
wanliu_aq#0,35 ,82 ,37 
wanliu_aq#1,35 ,82 ,44 
wanliu_aq#2,34 ,79 ,72 
wanliu_aq#3,34 ,84 ,89 
wanliu_aq#4,38 ,82 ,112 
wanliu_aq#5,34 ,81 ,118 
wanliu_aq#6,26 ,86 ,98 
wanliu_aq#7,22 ,76 ,100 
wanliu_aq#8,20 ,60 ,109 
wanliu_aq#9,23 ,65 ,112 
wanliu_aq#10,20 ,73 ,109 
wanliu_aq#11,21 ,69 ,97 
wanliu_aq#12,20 ,73 ,92 
wanliu_aq#13,21 ,72 ,90 
wanliu_aq#14,24 ,72 ,82 
wanliu_aq#15,24 ,77 ,82 
wanliu_aq#16,27 ,84 ,62 
wanliu_aq#17,26 ,91 ,70 
wanliu_aq#18,25 ,90 ,63 
wanliu_aq#19,26 ,88 ,41 
wanliu_aq#20,26 ,91 ,26 
wanliu_aq#21,30 ,82 ,17 
wanliu_aq#22,32 ,90 ,12 
wanliu_aq#23,33 ,86 ,11 
wanliu_aq#24,33 ,89 ,24 
wanliu_aq#25,30 ,82 ,50 
wanliu_aq#26,31 ,79 ,70 
wanliu_aq#27,30 ,85 ,95 
wanliu_aq#28,31 ,85 ,102 
wanliu_aq#29,28 ,85 ,93 
wanliu_aq#30,28 ,83 ,130 
wanliu_aq#31,29 ,84 ,135 
wanliu_aq#32,30 ,81 ,150 
wanliu_aq#33,32 ,86 ,154 
wanliu_aq#34,39 ,86 ,164 
wanliu_aq#35,41 ,95 ,139 
wanliu_aq#36,53 ,107 ,143 
wanliu_aq#37,58 ,111 ,123 
wanliu_aq#38,58 ,101 ,107 
wanliu_aq#39,45 ,86 ,60 
wanliu_aq#40,49 ,89 ,48 
wanliu_aq#41,35 ,77 ,37 
wanliu_aq#42,30 ,64 ,23 
wanliu_aq#43,25 ,40 ,13 
wanliu_aq#44,25 ,43 ,14 
wanliu_aq#45,17 ,30 ,6 
wanliu_aq#46,17 ,29 ,7 
wanliu_aq#47,13 ,28 ,3 
beibuxinqu_aq#0,37 ,104 ,33 
beibuxinqu_aq#1,36 ,105 ,40 
beibuxinqu_aq#2,37 ,108 ,64 
beibuxinqu_aq#3,38 ,113 ,89 
beibuxinqu_aq#4,41 ,110 ,110 
beibuxinqu_aq#5,39 ,112 ,110 
beibuxinqu_aq#6,37 ,108 ,101 
beibuxinqu_aq#7,33 ,103 ,101 
beibuxinqu_aq#8,28 ,91 ,106 
beibuxinqu_aq#9,27 ,97 ,111 
beibuxinqu_aq#10,21 ,92 ,111 
beibuxinqu_aq#11,20 ,85 ,101 
beibuxinqu_aq#12,19 ,82 ,91 
beibuxinqu_aq#13,19 ,82 ,86 
beibuxinqu_aq#14,21 ,84 ,67 
beibuxinqu_aq#15,21 ,84 ,66 
beibuxinqu_aq#16,25 ,102 ,47 
beibuxinqu_aq#17,25 ,113 ,38 
beibuxinqu_aq#18,23 ,114 ,20 
beibuxinqu_aq#19,24 ,110 ,14 
beibuxinqu_aq#20,24 ,108 ,13 
beibuxinqu_aq#21,24 ,86 ,6 
beibuxinqu_aq#22,26 ,96 ,10 
beibuxinqu_aq#23,32 ,96 ,11 
beibuxinqu_aq#24,31 ,98 ,25 
beibuxinqu_aq#25,31 ,90 ,57 
beibuxinqu_aq#26,29 ,88 ,80 
beibuxinqu_aq#27,27 ,95 ,99 
beibuxinqu_aq#28,26 ,104 ,117 
beibuxinqu_aq#29,22 ,114 ,101 
beibuxinqu_aq#30,20 ,108 ,112 
beibuxinqu_aq#31,19 ,105 ,109 
beibuxinqu_aq#32,21 ,107 ,112 
beibuxinqu_aq#33,28 ,111 ,119 
beibuxinqu_aq#34,35 ,120 ,119 
beibuxinqu_aq#35,39 ,121 ,116 
beibuxinqu_aq#36,43 ,125 ,119 
beibuxinqu_aq#37,48 ,129 ,104 
beibuxinqu_aq#38,57 ,117 ,91 
beibuxinqu_aq#39,43 ,93 ,39 
beibuxinqu_aq#40,42 ,99 ,55 
beibuxinqu_aq#41,35 ,96 ,30 
beibuxinqu_aq#42,25 ,64 ,22 
beibuxinqu_aq#43,24 ,43 ,9 
beibuxinqu_aq#44,23 ,44 ,3 
beibuxinqu_aq#45,20 ,42 ,3 
beibuxinqu_aq#46,18 ,48 ,2 
beibuxinqu_aq#47,19 ,48 ,1 
zhiwuyuan_aq#0,0 ,0 ,0 
zhiwuyuan_aq#1,0 ,0 ,0 
zhiwuyuan_aq#2,0 ,0 ,0 
zhiwuyuan_aq#3,0 ,0 ,0 
zhiwuyuan_aq#4,0 ,0 ,0 
zhiwuyuan_aq#5,0 ,0 ,0 
zhiwuyuan_aq#6,0 ,0 ,0 
zhiwuyuan_aq#7,0 ,0 ,0 
zhiwuyuan_aq#8,0 ,0 ,0 
zhiwuyuan_aq#9,0 ,0 ,0 
zhiwuyuan_aq#10,0 ,0 ,0 
zhiwuyuan_aq#11,0 ,0 ,0 
zhiwuyuan_aq#12,0 ,0 ,0 
zhiwuyuan_aq#13,0 ,0 ,0 
zhiwuyuan_aq#14,0 ,0 ,0 
zhiwuyuan_aq#15,0 ,0 ,0 
zhiwuyuan_aq#16,0 ,0 ,0 
zhiwuyuan_aq#17,0 ,0 ,0 
zhiwuyuan_aq#18,0 ,0 ,0 
zhiwuyuan_aq#19,0 ,0 ,0 
zhiwuyuan_aq#20,0 ,0 ,0 
zhiwuyuan_aq#21,0 ,0 ,0 
zhiwuyuan_aq#22,0 ,0 ,0 
zhiwuyuan_aq#23,0 ,0 ,0 
zhiwuyuan_aq#24,0 ,0 ,0 
zhiwuyuan_aq#25,0 ,0 ,0 
zhiwuyuan_aq#26,0 ,0 ,0 
zhiwuyuan_aq#27,0 ,0 ,0 
zhiwuyuan_aq#28,0 ,0 ,0 
zhiwuyuan_aq#29,0 ,0 ,0 
zhiwuyuan_aq#30,0 ,0 ,0 
zhiwuyuan_aq#31,0 ,0 ,0 
zhiwuyuan_aq#32,0 ,0 ,0 
zhiwuyuan_aq#33,0 ,0 ,0 
zhiwuyuan_aq#34,0 ,0 ,0 
zhiwuyuan_aq#35,0 ,0 ,0 
zhiwuyuan_aq#36,0 ,0 ,0 
zhiwuyuan_aq#37,0 ,0 ,0 
zhiwuyuan_aq#38,0 ,0 ,0 
zhiwuyuan_aq#39,0 ,0 ,0 
zhiwuyuan_aq#40,0 ,0 ,0 
zhiwuyuan_aq#41,0 ,0 ,0 
zhiwuyuan_aq#42,0 ,0 ,0 
zhiwuyuan_aq#43,0 ,0 ,0 
zhiwuyuan_aq#44,0 ,0 ,0 
zhiwuyuan_aq#45,0 ,0 ,0 
zhiwuyuan_aq#46,0 ,0 ,0 
zhiwuyuan_aq#47,0 ,0 ,0 
fengtaihua_aq#0,55 ,136 ,42 
fengtaihua_aq#1,54 ,140 ,47 
fengtaihua_aq#2,53 ,135 ,73 
fengtaihua_aq#3,51 ,125 ,90 
fengtaihua_aq#4,53 ,111 ,105 
fengtaihua_aq#5,51 ,104 ,121 
fengtaihua_aq#6,49 ,93 ,85 
fengtaihua_aq#7,42 ,93 ,98 
fengtaihua_aq#8,27 ,74 ,103 
fengtaihua_aq#9,34 ,73 ,104 
fengtaihua_aq#10,30 ,73 ,103 
fengtaihua_aq#11,29 ,71 ,90 
fengtaihua_aq#12,30 ,69 ,76 
fengtaihua_aq#13,30 ,71 ,79 
fengtaihua_aq#14,31 ,77 ,65 
fengtaihua_aq#15,31 ,74 ,75 
fengtaihua_aq#16,34 ,88 ,59 
fengtaihua_aq#17,34 ,84 ,70 
fengtaihua_aq#18,33 ,80 ,59 
fengtaihua_aq#19,33 ,83 ,34 
fengtaihua_aq#20,34 ,90 ,22 
fengtaihua_aq#21,39 ,83 ,15 
fengtaihua_aq#22,39 ,83 ,8 
fengtaihua_aq#23,38 ,76 ,6 
fengtaihua_aq#24,39 ,84 ,32 
fengtaihua_aq#25,37 ,84 ,61 
fengtaihua_aq#26,36 ,89 ,78 
fengtaihua_aq#27,35 ,91 ,93 
fengtaihua_aq#28,36 ,87 ,110 
fengtaihua_aq#29,34 ,82 ,111 
fengtaihua_aq#30,32 ,85 ,137 
fengtaihua_aq#31,34 ,86 ,141 
fengtaihua_aq#32,37 ,93 ,147 
fengtaihua_aq#33,40 ,102 ,150 
fengtaihua_aq#34,45 ,111 ,162 
fengtaihua_aq#35,54 ,121 ,142 
fengtaihua_aq#36,65 ,124 ,149 
fengtaihua_aq#37,66 ,130 ,115 
fengtaihua_aq#38,70 ,121 ,102 
fengtaihua_aq#39,69 ,109 ,71 
fengtaihua_aq#40,70 ,122 ,68 
fengtaihua_aq#41,49 ,88 ,66 
fengtaihua_aq#42,51 ,85 ,46 
fengtaihua_aq#43,48 ,71 ,26 
fengtaihua_aq#44,45 ,66 ,19 
fengtaihua_aq#45,43 ,54 ,14 
fengtaihua_aq#46,35 ,52 ,13 
fengtaihua_aq#47,32 ,42 ,7 
yungang_aq#0,31 ,79 ,61 
yungang_aq#1,31 ,79 ,63 
yungang_aq#2,32 ,79 ,81 
yungang_aq#3,30 ,72 ,96 
yungang_aq#4,34 ,76 ,133 
yungang_aq#5,33 ,75 ,131 
yungang_aq#6,31 ,74 ,88 
yungang_aq#7,28 ,68 ,94 
yungang_aq#8,25 ,64 ,103 
yungang_aq#9,26 ,64 ,102 
yungang_aq#10,24 ,64 ,91 
yungang_aq#11,23 ,61 ,84 
yungang_aq#12,22 ,59 ,85 
yungang_aq#13,24 ,55 ,77 
yungang_aq#14,23 ,56 ,70 
yungang_aq#15,27 ,56 ,90 
yungang_aq#16,28 ,57 ,76 
yungang_aq#17,28 ,57 ,76 
yungang_aq#18,25 ,59 ,64 
yungang_aq#19,27 ,56 ,74 
yungang_aq#20,27 ,56 ,51 
yungang_aq#21,25 ,53 ,56 
yungang_aq#22,25 ,50 ,44 
yungang_aq#23,24 ,48 ,45 
yungang_aq#24,25 ,48 ,54 
yungang_aq#25,23 ,46 ,74 
yungang_aq#26,22 ,49 ,84 
yungang_aq#27,23 ,48 ,107 
yungang_aq#28,21 ,49 ,126 
yungang_aq#29,20 ,51 ,134 
yungang_aq#30,18 ,54 ,142 
yungang_aq#31,20 ,58 ,154 
yungang_aq#32,19 ,59 ,158 
yungang_aq#33,27 ,70 ,196 
yungang_aq#34,31 ,79 ,203 
yungang_aq#35,39 ,81 ,185 
yungang_aq#36,43 ,72 ,158 
yungang_aq#37,49 ,72 ,126 
yungang_aq#38,48 ,74 ,105 
yungang_aq#39,39 ,61 ,82 
yungang_aq#40,49 ,78 ,79 
yungang_aq#41,44 ,79 ,69 
yungang_aq#42,43 ,54 ,71 
yungang_aq#43,44 ,46 ,68 
yungang_aq#44,42 ,50 ,60 
yungang_aq#45,28 ,37 ,20 
yungang_aq#46,25 ,42 ,20 
yungang_aq#47,25 ,39 ,42 
gucheng_aq#0,52 ,76 ,54 
gucheng_aq#1,50 ,76 ,51 
gucheng_aq#2,51 ,75 ,75 
gucheng_aq#3,53 ,78 ,95 
gucheng_aq#4,58 ,82 ,109 
gucheng_aq#5,50 ,76 ,107 
gucheng_aq#6,44 ,75 ,93 
gucheng_aq#7,38 ,73 ,97 
gucheng_aq#8,35 ,65 ,103 
gucheng_aq#9,37 ,65 ,107 
gucheng_aq#10,29 ,63 ,104 
gucheng_aq#11,29 ,62 ,98 
gucheng_aq#12,29 ,63 ,91 
gucheng_aq#13,31 ,64 ,100 
gucheng_aq#14,29 ,65 ,70 
gucheng_aq#15,27 ,64 ,80 
gucheng_aq#16,30 ,71 ,56 
gucheng_aq#17,29 ,73 ,51 
gucheng_aq#18,28 ,71 ,39 
gucheng_aq#19,34 ,70 ,35 
gucheng_aq#20,35 ,69 ,44 
gucheng_aq#21,42 ,68 ,31 
gucheng_aq#22,43 ,68 ,26 
gucheng_aq#23,42 ,68 ,27 
gucheng_aq#24,48 ,71 ,43 
gucheng_aq#25,49 ,67 ,60 
gucheng_aq#26,47 ,61 ,74 
gucheng_aq#27,46 ,70 ,93 
gucheng_aq#28,45 ,69 ,112 
gucheng_aq#29,41 ,68 ,127 
gucheng_aq#30,38 ,62 ,116 
gucheng_aq#31,38 ,68 ,134 
gucheng_aq#32,40 ,70 ,148 
gucheng_aq#33,46 ,90 ,155 
gucheng_aq#34,51 ,92 ,162 
gucheng_aq#35,53 ,93 ,149 
gucheng_aq#36,59 ,100 ,88 
gucheng_aq#37,64 ,94 ,80 
gucheng_aq#38,57 ,90 ,67 
gucheng_aq#39,45 ,76 ,71 
gucheng_aq#40,48 ,76 ,62 
gucheng_aq#41,37 ,57 ,36 
gucheng_aq#42,37 ,54 ,16 
gucheng_aq#43,33 ,50 ,19 
gucheng_aq#44,30 ,48 ,5 
gucheng_aq#45,30 ,48 ,3 
gucheng_aq#46,27 ,43 ,3 
gucheng_aq#47,26 ,44 ,4 
fangshan_aq#0,52 ,115 ,48 
fangshan_aq#1,50 ,112 ,58 
fangshan_aq#2,49 ,97 ,81 
fangshan_aq#3,46 ,101 ,94 
fangshan_aq#4,45 ,94 ,115 
fangshan_aq#5,40 ,88 ,134 
fangshan_aq#6,35 ,75 ,95 
fangshan_aq#7,32 ,72 ,98 
fangshan_aq#8,25 ,59 ,105 
fangshan_aq#9,29 ,65 ,102 
fangshan_aq#10,24 ,71 ,105 
fangshan_aq#11,26 ,75 ,95 
fangshan_aq#12,28 ,72 ,82 
fangshan_aq#13,29 ,75 ,83 
fangshan_aq#14,30 ,75 ,65 
fangshan_aq#15,29 ,75 ,65 
fangshan_aq#16,32 ,88 ,57 
fangshan_aq#17,30 ,89 ,65 
fangshan_aq#18,29 ,90 ,62 
fangshan_aq#19,32 ,84 ,33 
fangshan_aq#20,31 ,81 ,21 
fangshan_aq#21,33 ,79 ,17 
fangshan_aq#22,31 ,73 ,16 
fangshan_aq#23,32 ,73 ,15 
fangshan_aq#24,32 ,78 ,34 
fangshan_aq#25,35 ,79 ,67 
fangshan_aq#26,36 ,78 ,88 
fangshan_aq#27,33 ,85 ,104 
fangshan_aq#28,36 ,85 ,124 
fangshan_aq#29,36 ,97 ,131 
fangshan_aq#30,37 ,103 ,151 
fangshan_aq#31,39 ,115 ,153 
fangshan_aq#32,37 ,125 ,174 
fangshan_aq#33,37 ,116 ,181 
fangshan_aq#34,40 ,113 ,191 
fangshan_aq#35,43 ,110 ,174 
fangshan_aq#36,50 ,117 ,154 
fangshan_aq#37,54 ,119 ,121 
fangshan_aq#38,50 ,119 ,107 
fangshan_aq#39,49 ,101 ,62 
fangshan_aq#40,49 ,102 ,75 
fangshan_aq#41,35 ,70 ,54 
fangshan_aq#42,28 ,49 ,58 
fangshan_aq#43,27 ,42 ,41 
fangshan_aq#44,23 ,36 ,34 
fangshan_aq#45,23 ,34 ,12 
fangshan_aq#46,22 ,32 ,14 
fangshan_aq#47,23 ,36 ,8 
daxing_aq#0,50 ,115 ,41 
daxing_aq#1,48 ,107 ,58 
daxing_aq#2,52 ,105 ,92 
daxing_aq#3,51 ,96 ,106 
daxing_aq#4,51 ,96 ,123 
daxing_aq#5,48 ,92 ,92 
daxing_aq#6,42 ,92 ,84 
daxing_aq#7,36 ,92 ,93 
daxing_aq#8,30 ,92 ,95 
daxing_aq#9,30 ,100 ,91 
daxing_aq#10,30 ,95 ,105 
daxing_aq#11,23 ,80 ,90 
daxing_aq#12,21 ,79 ,110 
daxing_aq#13,21 ,76 ,85 
daxing_aq#14,24 ,76 ,91 
daxing_aq#15,27 ,81 ,94 
daxing_aq#16,29 ,92 ,82 
daxing_aq#17,30 ,90 ,98 
daxing_aq#18,31 ,89 ,57 
daxing_aq#19,32 ,91 ,57 
daxing_aq#20,34 ,93 ,39 
daxing_aq#21,37 ,93 ,21 
daxing_aq#22,37 ,81 ,15 
daxing_aq#23,40 ,84 ,12 
daxing_aq#24,41 ,88 ,51 
daxing_aq#25,41 ,93 ,92 
daxing_aq#26,47 ,93 ,76 
daxing_aq#27,45 ,100 ,108 
daxing_aq#28,45 ,104 ,123 
daxing_aq#29,43 ,99 ,133 
daxing_aq#30,37 ,98 ,144 
daxing_aq#31,39 ,91 ,148 
daxing_aq#32,40 ,85 ,153 
daxing_aq#33,50 ,95 ,150 
daxing_aq#34,54 ,109 ,168 
daxing_aq#35,52 ,120 ,133 
daxing_aq#36,50 ,119 ,154 
daxing_aq#37,54 ,116 ,131 
daxing_aq#38,56 ,94 ,123 
daxing_aq#39,56 ,85 ,64 
daxing_aq#40,57 ,90 ,61 
daxing_aq#41,52 ,90 ,61 
daxing_aq#42,47 ,74 ,28 
daxing_aq#43,45 ,55 ,25 
daxing_aq#44,43 ,59 ,19 
daxing_aq#45,40 ,45 ,3 
daxing_aq#46,36 ,43 ,3 
daxing_aq#47,37 ,43 ,1 
yizhuang_aq#0,49 ,92 ,33 
yizhuang_aq#1,47 ,91 ,60 
yizhuang_aq#2,53 ,95 ,79 
yizhuang_aq#3,52 ,96 ,90 
yizhuang_aq#4,54 ,92 ,110 
yizhuang_aq#5,48 ,91 ,99 
yizhuang_aq#6,40 ,89 ,90 
yizhuang_aq#7,36 ,84 ,96 
yizhuang_aq#8,29 ,63 ,105 
yizhuang_aq#9,29 ,72 ,103 
yizhuang_aq#10,24 ,66 ,103 
yizhuang_aq#11,23 ,65 ,89 
yizhuang_aq#12,24 ,65 ,88 
yizhuang_aq#13,24 ,66 ,78 
yizhuang_aq#14,27 ,64 ,67 
yizhuang_aq#15,32 ,67 ,75 
yizhuang_aq#16,34 ,79 ,70 
yizhuang_aq#17,33 ,82 ,84 
yizhuang_aq#18,29 ,84 ,55 
yizhuang_aq#19,29 ,86 ,32 
yizhuang_aq#20,28 ,84 ,20 
yizhuang_aq#21,37 ,80 ,12 
yizhuang_aq#22,38 ,84 ,9 
yizhuang_aq#23,41 ,85 ,10 
yizhuang_aq#24,44 ,84 ,33 
yizhuang_aq#25,45 ,82 ,62 
yizhuang_aq#26,48 ,74 ,76 
yizhuang_aq#27,46 ,75 ,83 
yizhuang_aq#28,42 ,75 ,108 
yizhuang_aq#29,42 ,78 ,121 
yizhuang_aq#30,43 ,88 ,139 
yizhuang_aq#31,43 ,95 ,146 
yizhuang_aq#32,42 ,88 ,157 
yizhuang_aq#33,44 ,82 ,157 
yizhuang_aq#34,43 ,83 ,165 
yizhuang_aq#35,44 ,97 ,153 
yizhuang_aq#36,52 ,92 ,156 
yizhuang_aq#37,53 ,94 ,120 
yizhuang_aq#38,56 ,97 ,110 
yizhuang_aq#39,52 ,90 ,69 
yizhuang_aq#40,55 ,87 ,71 
yizhuang_aq#41,48 ,94 ,74 
yizhuang_aq#42,42 ,77 ,59 
yizhuang_aq#43,36 ,50 ,26 
yizhuang_aq#44,30 ,57 ,23 
yizhuang_aq#45,27 ,42 ,3 
yizhuang_aq#46,24 ,38 ,3 
yizhuang_aq#47,22 ,37 ,9 
tongzhou_aq#0,43 ,110 ,43 
tongzhou_aq#1,44 ,103 ,53 
tongzhou_aq#2,45 ,108 ,74 
tongzhou_aq#3,46 ,111 ,90 
tongzhou_aq#4,51 ,112 ,112 
tongzhou_aq#5,44 ,105 ,114 
tongzhou_aq#6,43 ,106 ,95 
tongzhou_aq#7,41 ,99 ,98 
tongzhou_aq#8,31 ,92 ,106 
tongzhou_aq#9,33 ,96 ,103 
tongzhou_aq#10,34 ,91 ,111 
tongzhou_aq#11,30 ,81 ,100 
tongzhou_aq#12,31 ,82 ,97 
tongzhou_aq#13,32 ,83 ,86 
tongzhou_aq#14,33 ,83 ,70 
tongzhou_aq#15,33 ,88 ,82 
tongzhou_aq#16,36 ,111 ,65 
tongzhou_aq#17,35 ,109 ,73 
tongzhou_aq#18,32 ,112 ,55 
tongzhou_aq#19,30 ,113 ,44 
tongzhou_aq#20,28 ,103 ,22 
tongzhou_aq#21,31 ,94 ,18 
tongzhou_aq#22,35 ,90 ,11 
tongzhou_aq#23,34 ,91 ,12 
tongzhou_aq#24,33 ,92 ,33 
tongzhou_aq#25,30 ,95 ,56 
tongzhou_aq#26,31 ,87 ,74 
tongzhou_aq#27,34 ,83 ,85 
tongzhou_aq#28,33 ,78 ,98 
tongzhou_aq#29,36 ,84 ,114 
tongzhou_aq#30,34 ,79 ,136 
tongzhou_aq#31,35 ,83 ,136 
tongzhou_aq#32,36 ,91 ,151 
tongzhou_aq#33,42 ,96 ,155 
tongzhou_aq#34,45 ,99 ,163 
tongzhou_aq#35,46 ,104 ,144 
tongzhou_aq#36,51 ,105 ,148 
tongzhou_aq#37,52 ,114 ,123 
tongzhou_aq#38,49 ,107 ,107 
tongzhou_aq#39,46 ,96 ,67 
tongzhou_aq#40,47 ,98 ,63 
tongzhou_aq#41,43 ,88 ,39 
tongzhou_aq#42,42 ,75 ,32 
tongzhou_aq#43,40 ,63 ,20 
tongzhou_aq#44,37 ,51 ,9 
tongzhou_aq#45,33 ,47 ,5 
tongzhou_aq#46,25 ,42 ,5 
tongzhou_aq#47,25 ,38 ,6 
shunyi_aq#0,49 ,89 ,73 
shunyi_aq#1,47 ,92 ,70 
shunyi_aq#2,47 ,96 ,91 
shunyi_aq#3,53 ,98 ,103 
shunyi_aq#4,51 ,97 ,116 
shunyi_aq#5,46 ,94 ,118 
shunyi_aq#6,42 ,91 ,102 
shunyi_aq#7,38 ,91 ,108 
shunyi_aq#8,31 ,81 ,109 
shunyi_aq#9,36 ,83 ,113 
shunyi_aq#10,37 ,87 ,115 
shunyi_aq#11,37 ,85 ,104 
shunyi_aq#12,40 ,83 ,115 
shunyi_aq#13,42 ,81 ,100 
shunyi_aq#14,41 ,77 ,94 
shunyi_aq#15,39 ,84 ,78 
shunyi_aq#16,42 ,79 ,68 
shunyi_aq#17,39 ,76 ,66 
shunyi_aq#18,34 ,77 ,61 
shunyi_aq#19,32 ,77 ,58 
shunyi_aq#20,30 ,77 ,54 
shunyi_aq#21,35 ,71 ,53 
shunyi_aq#22,35 ,64 ,53 
shunyi_aq#23,31 ,62 ,43 
shunyi_aq#24,31 ,57 ,68 
shunyi_aq#25,31 ,54 ,78 
shunyi_aq#26,31 ,56 ,93 
shunyi_aq#27,32 ,52 ,92 
shunyi_aq#28,31 ,59 ,120 
shunyi_aq#29,30 ,61 ,122 
shunyi_aq#30,30 ,64 ,137 
shunyi_aq#31,33 ,68 ,145 
shunyi_aq#32,38 ,76 ,147 
shunyi_aq#33,40 ,77 ,159 
shunyi_aq#34,40 ,72 ,163 
shunyi_aq#35,41 ,77 ,151 
shunyi_aq#36,46 ,75 ,131 
shunyi_aq#37,50 ,72 ,107 
shunyi_aq#38,51 ,66 ,90 
shunyi_aq#39,40 ,61 ,81 
shunyi_aq#40,32 ,61 ,74 
shunyi_aq#41,27 ,49 ,47 
shunyi_aq#42,27 ,47 ,43 
shunyi_aq#43,27 ,31 ,24 
shunyi_aq#44,27 ,35 ,24 
shunyi_aq#45,19 ,21 ,19 
shunyi_aq#46,17 ,21 ,20 
shunyi_aq#47,13 ,20 ,14 
pingchang_aq#0,40 ,95 ,43 
pingchang_aq#1,39 ,95 ,39 
pingchang_aq#2,40 ,96 ,54 
pingchang_aq#3,40 ,96 ,92 
pingchang_aq#4,44 ,96 ,104 
pingchang_aq#5,42 ,92 ,119 
pingchang_aq#6,38 ,89 ,108 
pingchang_aq#7,30 ,87 ,100 
pingchang_aq#8,29 ,91 ,100 
pingchang_aq#9,32 ,94 ,100 
pingchang_aq#10,28 ,76 ,93 
pingchang_aq#11,29 ,70 ,89 
pingchang_aq#12,29 ,66 ,109 
pingchang_aq#13,28 ,59 ,85 
pingchang_aq#14,31 ,59 ,75 
pingchang_aq#15,31 ,67 ,76 
pingchang_aq#16,32 ,69 ,67 
pingchang_aq#17,34 ,67 ,84 
pingchang_aq#18,30 ,67 ,64 
pingchang_aq#19,33 ,68 ,37 
pingchang_aq#20,33 ,66 ,56 
pingchang_aq#21,37 ,64 ,36 
pingchang_aq#22,39 ,62 ,27 
pingchang_aq#23,40 ,66 ,24 
pingchang_aq#24,41 ,65 ,20 
pingchang_aq#25,39 ,84 ,40 
pingchang_aq#26,34 ,86 ,67 
pingchang_aq#27,34 ,79 ,92 
pingchang_aq#28,30 ,74 ,104 
pingchang_aq#29,30 ,74 ,110 
pingchang_aq#30,27 ,86 ,126 
pingchang_aq#31,29 ,85 ,139 
pingchang_aq#32,28 ,83 ,136 
pingchang_aq#33,31 ,88 ,147 
pingchang_aq#34,31 ,90 ,146 
pingchang_aq#35,35 ,89 ,144 
pingchang_aq#36,37 ,83 ,138 
pingchang_aq#37,39 ,83 ,121 
pingchang_aq#38,42 ,75 ,111 
pingchang_aq#39,40 ,54 ,95 
pingchang_aq#40,47 ,59 ,98 
pingchang_aq#41,36 ,53 ,88 
pingchang_aq#42,22 ,39 ,68 
pingchang_aq#43,20 ,35 ,54 
pingchang_aq#44,18 ,32 ,52 
pingchang_aq#45,17 ,31 ,45 
pingchang_aq#46,16 ,32 ,32 
pingchang_aq#47,16 ,32 ,23 
mentougou_aq#0,34 ,76 ,75 
mentougou_aq#1,31 ,78 ,67 
mentougou_aq#2,34 ,83 ,87 
mentougou_aq#3,35 ,82 ,98 
mentougou_aq#4,42 ,82 ,121 
mentougou_aq#5,38 ,85 ,116 
mentougou_aq#6,35 ,86 ,90 
mentougou_aq#7,25 ,82 ,98 
mentougou_aq#8,24 ,77 ,104 
mentougou_aq#9,32 ,68 ,106 
mentougou_aq#10,23 ,57 ,101 
mentougou_aq#11,23 ,55 ,97 
mentougou_aq#12,21 ,51 ,95 
mentougou_aq#13,20 ,47 ,108 
mentougou_aq#14,21 ,50 ,73 
mentougou_aq#15,22 ,52 ,74 
mentougou_aq#16,24 ,66 ,64 
mentougou_aq#17,21 ,61 ,56 
mentougou_aq#18,19 ,62 ,50 
mentougou_aq#19,20 ,64 ,46 
mentougou_aq#20,20 ,64 ,49 
mentougou_aq#21,21 ,57 ,41 
mentougou_aq#22,27 ,61 ,36 
mentougou_aq#23,30 ,59 ,35 
mentougou_aq#24,31 ,58 ,42 
mentougou_aq#25,30 ,60 ,70 
mentougou_aq#26,27 ,62 ,74 
mentougou_aq#27,25 ,58 ,98 
mentougou_aq#28,22 ,56 ,111 
mentougou_aq#29,21 ,55 ,116 
mentougou_aq#30,23 ,64 ,132 
mentougou_aq#31,27 ,71 ,145 
mentougou_aq#32,34 ,74 ,139 
mentougou_aq#33,39 ,75 ,151 
mentougou_aq#34,50 ,83 ,154 
mentougou_aq#35,51 ,95 ,154 
mentougou_aq#36,49 ,90 ,140 
mentougou_aq#37,51 ,92 ,117 
mentougou_aq#38,62 ,89 ,87 
mentougou_aq#39,56 ,74 ,62 
mentougou_aq#40,53 ,77 ,75 
mentougou_aq#41,30 ,69 ,67 
mentougou_aq#42,25 ,35 ,59 
mentougou_aq#43,21 ,25 ,49 
mentougou_aq#44,21 ,25 ,34 
mentougou_aq#45,17 ,26 ,36 
mentougou_aq#46,17 ,31 ,33 
mentougou_aq#47,15 ,29 ,38 
pinggu_aq#0,35 ,63 ,60 
pinggu_aq#1,37 ,71 ,68 
pinggu_aq#2,41 ,79 ,87 
pinggu_aq#3,41 ,77 ,85 
pinggu_aq#4,46 ,78 ,107 
pinggu_aq#5,47 ,81 ,123 
pinggu_aq#6,43 ,82 ,91 
pinggu_aq#7,38 ,82 ,101 
pinggu_aq#8,31 ,70 ,106 
pinggu_aq#9,33 ,62 ,105 
pinggu_aq#10,28 ,57 ,112 
pinggu_aq#11,29 ,57 ,90 
pinggu_aq#12,28 ,58 ,103 
pinggu_aq#13,28 ,59 ,86 
pinggu_aq#14,27 ,58 ,89 
pinggu_aq#15,24 ,51 ,77 
pinggu_aq#16,26 ,54 ,68 
pinggu_aq#17,27 ,55 ,68 
pinggu_aq#18,25 ,55 ,76 
pinggu_aq#19,27 ,54 ,76 
pinggu_aq#20,27 ,55 ,58 
pinggu_aq#21,26 ,53 ,48 
pinggu_aq#22,27 ,59 ,27 
pinggu_aq#23,28 ,62 ,29 
pinggu_aq#24,27 ,71 ,47 
pinggu_aq#25,29 ,71 ,72 
pinggu_aq#26,30 ,63 ,85 
pinggu_aq#27,27 ,69 ,119 
pinggu_aq#28,28 ,67 ,126 
pinggu_aq#29,28 ,67 ,124 
pinggu_aq#30,27 ,67 ,149 
pinggu_aq#31,26 ,66 ,156 
pinggu_aq#32,26 ,60 ,167 
pinggu_aq#33,27 ,57 ,170 
pinggu_aq#34,27 ,52 ,181 
pinggu_aq#35,26 ,52 ,167 
pinggu_aq#36,29 ,56 ,163 
pinggu_aq#37,29 ,54 ,144 
pinggu_aq#38,27 ,44 ,132 
pinggu_aq#39,27 ,38 ,105 
pinggu_aq#40,28 ,40 ,104 
pinggu_aq#41,25 ,37 ,103 
pinggu_aq#42,18 ,31 ,101 
pinggu_aq#43,15 ,24 ,81 
pinggu_aq#44,11 ,25 ,73 
pinggu_aq#45,13 ,23 ,66 
pinggu_aq#46,17 ,22 ,63 
pinggu_aq#47,17 ,22 ,56 
huairou_aq#0,44 ,103 ,55 
huairou_aq#1,44 ,104 ,68 
huairou_aq#2,43 ,107 ,89 
huairou_aq#3,40 ,102 ,105 
huairou_aq#4,46 ,101 ,119 
huairou_aq#5,45 ,99 ,114 
huairou_aq#6,44 ,101 ,95 
huairou_aq#7,38 ,103 ,104 
huairou_aq#8,35 ,95 ,108 
huairou_aq#9,36 ,100 ,108 
huairou_aq#10,31 ,86 ,109 
huairou_aq#11,31 ,82 ,99 
huairou_aq#12,32 ,77 ,94 
huairou_aq#13,32 ,67 ,121 
huairou_aq#14,32 ,64 ,94 
huairou_aq#15,32 ,66 ,89 
huairou_aq#16,36 ,66 ,92 
huairou_aq#17,36 ,60 ,85 
huairou_aq#18,31 ,59 ,79 
huairou_aq#19,30 ,56 ,77 
huairou_aq#20,30 ,54 ,74 
huairou_aq#21,33 ,47 ,72 
huairou_aq#22,32 ,46 ,60 
huairou_aq#23,32 ,48 ,58 
huairou_aq#24,31 ,47 ,50 
huairou_aq#25,29 ,54 ,70 
huairou_aq#26,25 ,56 ,81 
huairou_aq#27,23 ,53 ,94 
huairou_aq#28,22 ,49 ,106 
huairou_aq#29,22 ,48 ,113 
huairou_aq#30,23 ,50 ,126 
huairou_aq#31,23 ,49 ,142 
huairou_aq#32,26 ,57 ,145 
huairou_aq#33,29 ,79 ,150 
huairou_aq#34,35 ,98 ,155 
huairou_aq#35,38 ,89 ,143 
huairou_aq#36,42 ,85 ,136 
huairou_aq#37,47 ,81 ,116 
huairou_aq#38,50 ,75 ,100 
huairou_aq#39,47 ,64 ,95 
huairou_aq#40,47 ,62 ,88 
huairou_aq#41,39 ,63 ,89 
huairou_aq#42,36 ,53 ,65 
huairou_aq#43,29 ,42 ,67 
huairou_aq#44,26 ,35 ,64 
huairou_aq#45,19 ,29 ,62 
huairou_aq#46,19 ,31 ,58 
huairou_aq#47,16 ,23 ,56 
miyun_aq#0,43 ,90 ,76 
miyun_aq#1,42 ,89 ,80 
miyun_aq#2,45 ,87 ,111 
miyun_aq#3,42 ,90 ,114 
miyun_aq#4,50 ,87 ,147 
miyun_aq#5,48 ,89 ,112 
miyun_aq#6,44 ,83 ,96 
miyun_aq#7,40 ,85 ,104 
miyun_aq#8,35 ,78 ,110 
miyun_aq#9,37 ,80 ,102 
miyun_aq#10,33 ,70 ,112 
miyun_aq#11,30 ,66 ,96 
miyun_aq#12,27 ,67 ,94 
miyun_aq#13,26 ,62 ,72 
miyun_aq#14,26 ,66 ,89 
miyun_aq#15,27 ,62 ,80 
miyun_aq#16,28 ,67 ,74 
miyun_aq#17,29 ,66 ,61 
miyun_aq#18,27 ,65 ,68 
miyun_aq#19,28 ,60 ,57 
miyun_aq#20,28 ,59 ,21 
miyun_aq#21,29 ,55 ,21 
miyun_aq#22,34 ,58 ,28 
miyun_aq#23,36 ,54 ,30 
miyun_aq#24,34 ,54 ,54 
miyun_aq#25,34 ,53 ,80 
miyun_aq#26,31 ,52 ,88 
miyun_aq#27,28 ,52 ,120 
miyun_aq#28,24 ,46 ,129 
miyun_aq#29,24 ,45 ,129 
miyun_aq#30,24 ,50 ,154 
miyun_aq#31,24 ,52 ,157 
miyun_aq#32,26 ,56 ,166 
miyun_aq#33,28 ,74 ,155 
miyun_aq#34,30 ,74 ,164 
miyun_aq#35,32 ,74 ,167 
miyun_aq#36,37 ,73 ,158 
miyun_aq#37,42 ,80 ,128 
miyun_aq#38,42 ,74 ,119 
miyun_aq#39,41 ,68 ,105 
miyun_aq#40,43 ,69 ,99 
miyun_aq#41,37 ,61 ,35 
miyun_aq#42,31 ,48 ,46 
miyun_aq#43,28 ,35 ,46 
miyun_aq#44,29 ,27 ,32 
miyun_aq#45,20 ,30 ,34 
miyun_aq#46,21 ,34 ,29 
miyun_aq#47,19 ,28 ,18 
yanqin_aq#0,41 ,103 ,50 
yanqin_aq#1,41 ,94 ,58 
yanqin_aq#2,40 ,91 ,91 
yanqin_aq#3,42 ,89 ,102 
yanqin_aq#4,46 ,96 ,81 
yanqin_aq#5,43 ,87 ,89 
yanqin_aq#6,39 ,85 ,87 
yanqin_aq#7,35 ,88 ,85 
yanqin_aq#8,35 ,92 ,92 
yanqin_aq#9,45 ,90 ,93 
yanqin_aq#10,37 ,81 ,91 
yanqin_aq#11,34 ,79 ,86 
yanqin_aq#12,38 ,84 ,92 
yanqin_aq#13,37 ,86 ,81 
yanqin_aq#14,38 ,85 ,75 
yanqin_aq#15,40 ,88 ,51 
yanqin_aq#16,40 ,100 ,71 
yanqin_aq#17,41 ,102 ,62 
yanqin_aq#18,38 ,102 ,40 
yanqin_aq#19,37 ,100 ,14 
yanqin_aq#20,37 ,99 ,6 
yanqin_aq#21,40 ,106 ,4 
yanqin_aq#22,44 ,107 ,13 
yanqin_aq#23,46 ,109 ,12 
yanqin_aq#24,46 ,108 ,18 
yanqin_aq#25,46 ,100 ,46 
yanqin_aq#26,45 ,82 ,69 
yanqin_aq#27,42 ,82 ,91 
yanqin_aq#28,38 ,82 ,114 
yanqin_aq#29,35 ,81 ,111 
yanqin_aq#30,36 ,80 ,129 
yanqin_aq#31,37 ,78 ,134 
yanqin_aq#32,37 ,85 ,140 
yanqin_aq#33,39 ,94 ,139 
yanqin_aq#34,42 ,99 ,117 
yanqin_aq#35,44 ,96 ,106 
yanqin_aq#36,44 ,91 ,113 
yanqin_aq#37,48 ,93 ,101 
yanqin_aq#38,53 ,102 ,95 
yanqin_aq#39,43 ,85 ,68 
yanqin_aq#40,49 ,89 ,89 
yanqin_aq#41,34 ,86 ,90 
yanqin_aq#42,27 ,68 ,84 
yanqin_aq#43,24 ,57 ,58 
yanqin_aq#44,24 ,48 ,35 
yanqin_aq#45,24 ,47 ,37 
yanqin_aq#46,21 ,42 ,33 
yanqin_aq#47,22 ,42 ,17 
dingling_aq#0,43 ,84 ,57 
dingling_aq#1,43 ,84 ,66 
dingling_aq#2,45 ,84 ,77 
dingling_aq#3,39 ,82 ,84 
dingling_aq#4,43 ,85 ,113 
dingling_aq#5,40 ,84 ,124 
dingling_aq#6,37 ,83 ,106 
dingling_aq#7,38 ,80 ,107 
dingling_aq#8,30 ,72 ,112 
dingling_aq#9,39 ,72 ,113 
dingling_aq#10,27 ,69 ,113 
dingling_aq#11,24 ,68 ,97 
dingling_aq#12,23 ,67 ,120 
dingling_aq#13,23 ,64 ,87 
dingling_aq#14,25 ,60 ,78 
dingling_aq#15,31 ,59 ,72 
dingling_aq#16,33 ,60 ,72 
dingling_aq#17,33 ,61 ,62 
dingling_aq#18,27 ,62 ,59 
dingling_aq#19,28 ,64 ,58 
dingling_aq#20,27 ,65 ,53 
dingling_aq#21,29 ,61 ,53 
dingling_aq#22,38 ,64 ,61 
dingling_aq#23,42 ,68 ,58 
dingling_aq#24,41 ,74 ,52 
dingling_aq#25,39 ,79 ,67 
dingling_aq#26,35 ,75 ,74 
dingling_aq#27,34 ,69 ,81 
dingling_aq#28,32 ,64 ,105 
dingling_aq#29,28 ,64 ,112 
dingling_aq#30,24 ,66 ,108 
dingling_aq#31,22 ,65 ,121 
dingling_aq#32,24 ,64 ,132 
dingling_aq#33,29 ,74 ,134 
dingling_aq#34,40 ,73 ,133 
dingling_aq#35,49 ,75 ,118 
dingling_aq#36,47 ,72 ,117 
dingling_aq#37,47 ,75 ,110 
dingling_aq#38,45 ,67 ,104 
dingling_aq#39,35 ,57 ,83 
dingling_aq#40,52 ,58 ,79 
dingling_aq#41,35 ,46 ,79 
dingling_aq#42,29 ,32 ,72 
dingling_aq#43,26 ,28 ,64 
dingling_aq#44,22 ,25 ,65 
dingling_aq#45,18 ,22 ,58 
dingling_aq#46,16 ,29 ,56 
dingling_aq#47,16 ,27 ,46 
badaling_aq#0,38 ,106 ,51 
badaling_aq#1,38 ,104 ,64 
badaling_aq#2,36 ,105 ,87 
badaling_aq#3,39 ,99 ,93 
badaling_aq#4,42 ,101 ,100 
badaling_aq#5,38 ,107 ,108 
badaling_aq#6,36 ,106 ,106 
badaling_aq#7,36 ,96 ,84 
badaling_aq#8,34 ,81 ,88 
badaling_aq#9,40 ,85 ,87 
badaling_aq#10,37 ,77 ,93 
badaling_aq#11,30 ,82 ,78 
badaling_aq#12,29 ,83 ,72 
badaling_aq#13,29 ,86 ,74 
badaling_aq#14,27 ,91 ,79 
badaling_aq#15,27 ,89 ,49 
badaling_aq#16,28 ,92 ,33 
badaling_aq#17,30 ,96 ,43 
badaling_aq#18,28 ,96 ,33 
badaling_aq#19,27 ,100 ,15 
badaling_aq#20,29 ,100 ,10 
badaling_aq#21,33 ,98 ,8 
badaling_aq#22,38 ,101 ,11 
badaling_aq#23,43 ,105 ,5 
badaling_aq#24,41 ,99 ,43 
badaling_aq#25,44 ,95 ,58 
badaling_aq#26,42 ,85 ,72 
badaling_aq#27,37 ,77 ,85 
badaling_aq#28,31 ,81 ,95 
badaling_aq#29,29 ,84 ,98 
badaling_aq#30,27 ,93 ,117 
badaling_aq#31,28 ,112 ,128 
badaling_aq#32,32 ,123 ,130 
badaling_aq#33,40 ,122 ,121 
badaling_aq#34,47 ,110 ,137 
badaling_aq#35,49 ,104 ,120 
badaling_aq#36,52 ,102 ,117 
badaling_aq#37,55 ,97 ,100 
badaling_aq#38,55 ,97 ,89 
badaling_aq#39,48 ,92 ,26 
badaling_aq#40,52 ,100 ,20 
badaling_aq#41,40 ,87 ,27 
badaling_aq#42,34 ,75 ,23 
badaling_aq#43,30 ,75 ,19 
badaling_aq#44,30 ,64 ,13 
badaling_aq#45,29 ,61 ,6 
badaling_aq#46,23 ,67 ,6 
badaling_aq#47,24 ,65 ,10 
miyunshuik_aq#0,40 ,77 ,82 
miyunshuik_aq#1,36 ,77 ,77 
miyunshuik_aq#2,36 ,76 ,105 
miyunshuik_aq#3,31 ,80 ,125 
miyunshuik_aq#4,35 ,80 ,125 
miyunshuik_aq#5,33 ,81 ,108 
miyunshuik_aq#6,31 ,80 ,109 
miyunshuik_aq#7,31 ,80 ,109 
miyunshuik_aq#8,31 ,81 ,107 
miyunshuik_aq#9,30 ,82 ,116 
miyunshuik_aq#10,27 ,66 ,113 
miyunshuik_aq#11,26 ,56 ,104 
miyunshuik_aq#12,26 ,54 ,111 
miyunshuik_aq#13,26 ,54 ,99 
miyunshuik_aq#14,28 ,53 ,100 
miyunshuik_aq#15,26 ,53 ,110 
miyunshuik_aq#16,28 ,59 ,85 
miyunshuik_aq#17,30 ,59 ,81 
miyunshuik_aq#18,30 ,56 ,85 
miyunshuik_aq#19,33 ,54 ,85 
miyunshuik_aq#20,31 ,56 ,80 
miyunshuik_aq#21,35 ,45 ,75 
miyunshuik_aq#22,32 ,45 ,62 
miyunshuik_aq#23,36 ,45 ,71 
miyunshuik_aq#24,37 ,49 ,78 
miyunshuik_aq#25,32 ,48 ,87 
miyunshuik_aq#26,29 ,54 ,89 
miyunshuik_aq#27,27 ,48 ,116 
miyunshuik_aq#28,24 ,49 ,125 
miyunshuik_aq#29,23 ,48 ,127 
miyunshuik_aq#30,23 ,55 ,133 
miyunshuik_aq#31,22 ,64 ,154 
miyunshuik_aq#32,23 ,73 ,161 
miyunshuik_aq#33,27 ,82 ,169 
miyunshuik_aq#34,33 ,78 ,187 
miyunshuik_aq#35,35 ,77 ,178 
miyunshuik_aq#36,36 ,78 ,168 
miyunshuik_aq#37,35 ,72 ,155 
miyunshuik_aq#38,37 ,66 ,147 
miyunshuik_aq#39,35 ,54 ,117 
miyunshuik_aq#40,44 ,58 ,121 
miyunshuik_aq#41,36 ,56 ,109 
miyunshuik_aq#42,37 ,36 ,97 
miyunshuik_aq#43,30 ,34 ,94 
miyunshuik_aq#44,25 ,30 ,67 
miyunshuik_aq#45,25 ,26 ,80 
miyunshuik_aq#46,23 ,28 ,84 
miyunshuik_aq#47,23 ,26 ,85 
donggaocun_aq#0,38 ,66 ,68 
donggaocun_aq#1,41 ,70 ,68 
donggaocun_aq#2,44 ,76 ,82 
donggaocun_aq#3,42 ,77 ,89 
donggaocun_aq#4,43 ,79 ,91 
donggaocun_aq#5,43 ,80 ,115 
donggaocun_aq#6,35 ,75 ,81 
donggaocun_aq#7,39 ,70 ,87 
donggaocun_aq#8,35 ,63 ,98 
donggaocun_aq#9,37 ,64 ,98 
donggaocun_aq#10,36 ,58 ,80 
donggaocun_aq#11,32 ,56 ,69 
donggaocun_aq#12,28 ,55 ,107 
donggaocun_aq#13,26 ,55 ,91 
donggaocun_aq#14,25 ,56 ,106 
donggaocun_aq#15,25 ,50 ,117 
donggaocun_aq#16,27 ,56 ,111 
donggaocun_aq#17,30 ,57 ,109 
donggaocun_aq#18,22 ,52 ,95 
donggaocun_aq#19,23 ,55 ,91 
donggaocun_aq#20,22 ,56 ,85 
donggaocun_aq#21,24 ,51 ,79 
donggaocun_aq#22,23 ,52 ,80 
donggaocun_aq#23,23 ,56 ,71 
donggaocun_aq#24,25 ,63 ,69 
donggaocun_aq#25,24 ,53 ,74 
donggaocun_aq#26,28 ,51 ,94 
donggaocun_aq#27,29 ,55 ,107 
donggaocun_aq#28,32 ,49 ,121 
donggaocun_aq#29,31 ,54 ,127 
donggaocun_aq#30,32 ,58 ,137 
donggaocun_aq#31,31 ,63 ,148 
donggaocun_aq#32,30 ,48 ,159 
donggaocun_aq#33,28 ,49 ,149 
donggaocun_aq#34,32 ,50 ,156 
donggaocun_aq#35,31 ,50 ,146 
donggaocun_aq#36,31 ,48 ,159 
donggaocun_aq#37,33 ,49 ,151 
donggaocun_aq#38,33 ,50 ,143 
donggaocun_aq#39,37 ,50 ,131 
donggaocun_aq#40,36 ,44 ,108 
donggaocun_aq#41,28 ,40 ,107 
donggaocun_aq#42,29 ,30 ,112 
donggaocun_aq#43,26 ,26 ,101 
donggaocun_aq#44,24 ,24 ,105 
donggaocun_aq#45,21 ,28 ,102 
donggaocun_aq#46,22 ,35 ,104 
donggaocun_aq#47,20 ,35 ,92 
yongledian_aq#0,44 ,97 ,37 
yongledian_aq#1,45 ,98 ,74 
yongledian_aq#2,46 ,99 ,94 
yongledian_aq#3,46 ,98 ,105 
yongledian_aq#4,43 ,97 ,131 
yongledian_aq#5,44 ,95 ,147 
yongledian_aq#6,42 ,93 ,125 
yongledian_aq#7,41 ,88 ,128 
yongledian_aq#8,34 ,78 ,97 
yongledian_aq#9,36 ,92 ,132 
yongledian_aq#10,33 ,80 ,146 
yongledian_aq#11,29 ,70 ,90 
yongledian_aq#12,28 ,66 ,105 
yongledian_aq#13,30 ,64 ,82 
yongledian_aq#14,30 ,61 ,36 
yongledian_aq#15,31 ,60 ,42 
yongledian_aq#16,38 ,75 ,35 
yongledian_aq#17,37 ,76 ,51 
yongledian_aq#18,36 ,74 ,32 
yongledian_aq#19,35 ,73 ,43 
yongledian_aq#20,32 ,72 ,43 
yongledian_aq#21,36 ,79 ,25 
yongledian_aq#22,37 ,76 ,25 
yongledian_aq#23,35 ,74 ,15 
yongledian_aq#24,38 ,78 ,47 
yongledian_aq#25,40 ,82 ,75 
yongledian_aq#26,41 ,84 ,92 
yongledian_aq#27,43 ,92 ,114 
yongledian_aq#28,39 ,89 ,135 
yongledian_aq#29,39 ,85 ,148 
yongledian_aq#30,39 ,86 ,159 
yongledian_aq#31,44 ,94 ,152 
yongledian_aq#32,43 ,93 ,163 
yongledian_aq#33,48 ,96 ,168 
yongledian_aq#34,47 ,99 ,179 
yongledian_aq#35,46 ,94 ,108 
yongledian_aq#36,50 ,92 ,126 
yongledian_aq#37,47 ,95 ,135 
yongledian_aq#38,52 ,89 ,101 
yongledian_aq#39,52 ,90 ,49 
yongledian_aq#40,51 ,94 ,33 
yongledian_aq#41,50 ,92 ,17 
yongledian_aq#42,52 ,75 ,26 
yongledian_aq#43,45 ,54 ,31 
yongledian_aq#44,40 ,48 ,7 
yongledian_aq#45,37 ,44 ,3 
yongledian_aq#46,36 ,54 ,3 
yongledian_aq#47,33 ,51 ,2 
yufa_aq#0,57 ,106 ,35 
yufa_aq#1,57 ,107 ,64 
yufa_aq#2,62 ,106 ,82 
yufa_aq#3,58 ,107 ,92 
yufa_aq#4,59 ,99 ,117 
yufa_aq#5,57 ,100 ,124 
yufa_aq#6,48 ,97 ,81 
yufa_aq#7,42 ,94 ,86 
yufa_aq#8,35 ,80 ,100 
yufa_aq#9,35 ,86 ,97 
yufa_aq#10,30 ,79 ,93 
yufa_aq#11,29 ,74 ,80 
yufa_aq#12,32 ,74 ,69 
yufa_aq#13,37 ,72 ,79 
yufa_aq#14,38 ,72 ,46 
yufa_aq#15,43 ,75 ,74 
yufa_aq#16,46 ,82 ,65 
yufa_aq#17,47 ,88 ,69 
yufa_aq#18,40 ,97 ,73 
yufa_aq#19,44 ,96 ,55 
yufa_aq#20,45 ,96 ,38 
yufa_aq#21,53 ,94 ,20 
yufa_aq#22,53 ,93 ,11 
yufa_aq#23,52 ,96 ,9 
yufa_aq#24,54 ,99 ,30 
yufa_aq#25,54 ,98 ,56 
yufa_aq#26,54 ,93 ,79 
yufa_aq#27,54 ,99 ,99 
yufa_aq#28,55 ,111 ,119 
yufa_aq#29,56 ,118 ,132 
yufa_aq#30,52 ,128 ,140 
yufa_aq#31,52 ,132 ,162 
yufa_aq#32,52 ,128 ,165 
yufa_aq#33,51 ,123 ,165 
yufa_aq#34,56 ,122 ,169 
yufa_aq#35,55 ,121 ,152 
yufa_aq#36,59 ,121 ,135 
yufa_aq#37,62 ,124 ,120 
yufa_aq#38,65 ,126 ,105 
yufa_aq#39,67 ,107 ,69 
yufa_aq#40,70 ,110 ,51 
yufa_aq#41,61 ,92 ,56 
yufa_aq#42,59 ,74 ,63 
yufa_aq#43,52 ,58 ,19 
yufa_aq#44,49 ,61 ,14 
yufa_aq#45,40 ,56 ,2 
yufa_aq#46,42 ,53 ,3 
yufa_aq#47,40 ,48 ,17 
liulihe_aq#0,38 ,84 ,48 
liulihe_aq#1,37 ,80 ,61 
liulihe_aq#2,39 ,87 ,74 
liulihe_aq#3,35 ,87 ,91 
liulihe_aq#4,36 ,83 ,112 
liulihe_aq#5,29 ,79 ,114 
liulihe_aq#6,24 ,74 ,80 
liulihe_aq#7,20 ,69 ,91 
liulihe_aq#8,12 ,70 ,95 
liulihe_aq#9,18 ,72 ,94 
liulihe_aq#10,21 ,69 ,96 
liulihe_aq#11,21 ,71 ,85 
liulihe_aq#12,25 ,73 ,85 
liulihe_aq#13,29 ,68 ,78 
liulihe_aq#14,33 ,75 ,56 
liulihe_aq#15,33 ,79 ,54 
liulihe_aq#16,31 ,81 ,52 
liulihe_aq#17,31 ,85 ,40 
liulihe_aq#18,28 ,78 ,44 
liulihe_aq#19,28 ,76 ,37 
liulihe_aq#20,28 ,80 ,26 
liulihe_aq#21,24 ,83 ,17 
liulihe_aq#22,16 ,81 ,7 
liulihe_aq#23,16 ,78 ,13 
liulihe_aq#24,20 ,82 ,42 
liulihe_aq#25,20 ,83 ,65 
liulihe_aq#26,23 ,78 ,79 
liulihe_aq#27,15 ,85 ,93 
liulihe_aq#28,17 ,91 ,113 
liulihe_aq#29,19 ,92 ,118 
liulihe_aq#30,21 ,99 ,133 
liulihe_aq#31,23 ,97 ,141 
liulihe_aq#32,28 ,103 ,151 
liulihe_aq#33,31 ,107 ,162 
liulihe_aq#34,34 ,108 ,160 
liulihe_aq#35,35 ,103 ,146 
liulihe_aq#36,32 ,96 ,133 
liulihe_aq#37,34 ,90 ,104 
liulihe_aq#38,26 ,85 ,82 
liulihe_aq#39,21 ,71 ,57 
liulihe_aq#40,42 ,74 ,62 
liulihe_aq#41,29 ,71 ,50 
liulihe_aq#42,18 ,41 ,37 
liulihe_aq#43,18 ,27 ,33 
liulihe_aq#44,16 ,14 ,25 
liulihe_aq#45,11 ,24 ,17 
liulihe_aq#46,13 ,31 ,18 
liulihe_aq#47,12 ,29 ,12 
qianmen_aq#0,32 ,86 ,43 
qianmen_aq#1,31 ,75 ,52 
qianmen_aq#2,35 ,78 ,55 
qianmen_aq#3,37 ,79 ,73 
qianmen_aq#4,33 ,75 ,89 
qianmen_aq#5,26 ,70 ,98 
qianmen_aq#6,26 ,69 ,81 
qianmen_aq#7,20 ,67 ,86 
qianmen_aq#8,17 ,64 ,90 
qianmen_aq#9,19 ,78 ,86 
qianmen_aq#10,17 ,78 ,83 
qianmen_aq#11,15 ,71 ,74 
qianmen_aq#12,18 ,67 ,80 
qianmen_aq#13,19 ,59 ,73 
qianmen_aq#14,22 ,57 ,61 
qianmen_aq#15,22 ,63 ,76 
qianmen_aq#16,24 ,76 ,69 
qianmen_aq#17,25 ,85 ,58 
qianmen_aq#18,22 ,79 ,48 
qianmen_aq#19,21 ,79 ,38 
qianmen_aq#20,21 ,79 ,14 
qianmen_aq#21,27 ,71 ,8 
qianmen_aq#22,26 ,72 ,9 
qianmen_aq#23,27 ,73 ,9 
qianmen_aq#24,26 ,72 ,24 
qianmen_aq#25,27 ,71 ,46 
qianmen_aq#26,24 ,74 ,53 
qianmen_aq#27,25 ,75 ,71 
qianmen_aq#28,27 ,81 ,91 
qianmen_aq#29,22 ,82 ,93 
qianmen_aq#30,21 ,83 ,120 
qianmen_aq#31,21 ,79 ,128 
qianmen_aq#32,25 ,81 ,139 
qianmen_aq#33,36 ,86 ,144 
qianmen_aq#34,36 ,86 ,145 
qianmen_aq#35,40 ,98 ,134 
qianmen_aq#36,41 ,94 ,133 
qianmen_aq#37,41 ,96 ,116 
qianmen_aq#38,47 ,92 ,106 
qianmen_aq#39,37 ,70 ,70 
qianmen_aq#40,35 ,70 ,68 
qianmen_aq#41,25 ,61 ,38 
qianmen_aq#42,25 ,47 ,32 
qianmen_aq#43,15 ,34 ,32 
qianmen_aq#44,16 ,19 ,16 
qianmen_aq#45,11 ,17 ,4 
qianmen_aq#46,10 ,16 ,4 
qianmen_aq#47,10 ,17 ,4 
yongdingme_aq#0,60 ,122 ,45 
yongdingme_aq#1,61 ,123 ,42 
yongdingme_aq#2,67 ,128 ,60 
yongdingme_aq#3,71 ,133 ,83 
yongdingme_aq#4,71 ,123 ,101 
yongdingme_aq#5,58 ,121 ,121 
yongdingme_aq#6,46 ,108 ,109 
yongdingme_aq#7,34 ,107 ,121 
yongdingme_aq#8,28 ,87 ,123 
yongdingme_aq#9,31 ,105 ,96 
yongdingme_aq#10,28 ,88 ,98 
yongdingme_aq#11,31 ,85 ,112 
yongdingme_aq#12,32 ,84 ,108 
yongdingme_aq#13,36 ,84 ,84 
yongdingme_aq#14,39 ,93 ,69 
yongdingme_aq#15,41 ,96 ,76 
yongdingme_aq#16,51 ,123 ,68 
yongdingme_aq#17,47 ,129 ,58 
yongdingme_aq#18,42 ,123 ,48 
yongdingme_aq#19,42 ,121 ,33 
yongdingme_aq#20,44 ,124 ,29 
yongdingme_aq#21,52 ,117 ,16 
yongdingme_aq#22,56 ,120 ,17 
yongdingme_aq#23,59 ,126 ,18 
yongdingme_aq#24,69 ,128 ,25 
yongdingme_aq#25,67 ,128 ,48 
yongdingme_aq#26,65 ,122 ,63 
yongdingme_aq#27,60 ,128 ,80 
yongdingme_aq#28,68 ,131 ,99 
yongdingme_aq#29,62 ,131 ,105 
yongdingme_aq#30,61 ,127 ,133 
yongdingme_aq#31,62 ,109 ,143 
yongdingme_aq#32,61 ,106 ,144 
yongdingme_aq#33,59 ,113 ,148 
yongdingme_aq#34,62 ,111 ,154 
yongdingme_aq#35,66 ,118 ,144 
yongdingme_aq#36,81 ,120 ,138 
yongdingme_aq#37,83 ,114 ,122 
yongdingme_aq#38,85 ,99 ,107 
yongdingme_aq#39,83 ,94 ,75 
yongdingme_aq#40,86 ,106 ,60 
yongdingme_aq#41,62 ,97 ,29 
yongdingme_aq#42,51 ,71 ,14 
yongdingme_aq#43,44 ,53 ,16 
yongdingme_aq#44,41 ,53 ,13 
yongdingme_aq#45,37 ,48 ,3 
yongdingme_aq#46,34 ,44 ,3 
yongdingme_aq#47,30 ,44 ,2 
xizhimenbe_aq#0,51 ,105 ,33 
xizhimenbe_aq#1,50 ,97 ,40 
xizhimenbe_aq#2,47 ,92 ,51 
xizhimenbe_aq#3,45 ,98 ,66 
xizhimenbe_aq#4,49 ,94 ,83 
xizhimenbe_aq#5,47 ,95 ,93 
xizhimenbe_aq#6,40 ,82 ,84 
xizhimenbe_aq#7,40 ,80 ,68 
xizhimenbe_aq#8,35 ,73 ,76 
xizhimenbe_aq#9,38 ,82 ,76 
xizhimenbe_aq#10,42 ,85 ,65 
xizhimenbe_aq#11,42 ,89 ,61 
xizhimenbe_aq#12,40 ,88 ,64 
xizhimenbe_aq#13,43 ,83 ,52 
xizhimenbe_aq#14,49 ,86 ,56 
xizhimenbe_aq#15,47 ,86 ,72 
xizhimenbe_aq#16,55 ,99 ,66 
xizhimenbe_aq#17,55 ,107 ,67 
xizhimenbe_aq#18,49 ,108 ,57 
xizhimenbe_aq#19,48 ,103 ,43 
xizhimenbe_aq#20,47 ,100 ,34 
xizhimenbe_aq#21,49 ,88 ,14 
xizhimenbe_aq#22,65 ,97 ,12 
xizhimenbe_aq#23,62 ,94 ,8 
xizhimenbe_aq#24,63 ,98 ,17 
xizhimenbe_aq#25,62 ,93 ,47 
xizhimenbe_aq#26,54 ,79 ,54 
xizhimenbe_aq#27,52 ,88 ,71 
xizhimenbe_aq#28,54 ,93 ,83 
xizhimenbe_aq#29,43 ,84 ,86 
xizhimenbe_aq#30,41 ,82 ,103 
xizhimenbe_aq#31,42 ,72 ,104 
xizhimenbe_aq#32,41 ,71 ,122 
xizhimenbe_aq#33,41 ,86 ,134 
xizhimenbe_aq#34,47 ,96 ,125 
xizhimenbe_aq#35,55 ,101 ,118 
xizhimenbe_aq#36,63 ,106 ,114 
xizhimenbe_aq#37,68 ,113 ,106 
xizhimenbe_aq#38,69 ,107 ,98 
xizhimenbe_aq#39,67 ,97 ,66 
xizhimenbe_aq#40,73 ,100 ,62 
xizhimenbe_aq#41,64 ,84 ,57 
xizhimenbe_aq#42,62 ,70 ,21 
xizhimenbe_aq#43,56 ,58 ,10 
xizhimenbe_aq#44,42 ,56 ,18 
xizhimenbe_aq#45,46 ,49 ,9 
xizhimenbe_aq#46,44 ,50 ,9 
xizhimenbe_aq#47,45 ,43 ,5 
nansanhuan_aq#0,40 ,112 ,29 
nansanhuan_aq#1,35 ,112 ,37 
nansanhuan_aq#2,32 ,115 ,46 
nansanhuan_aq#3,32 ,113 ,60 
nansanhuan_aq#4,30 ,109 ,71 
nansanhuan_aq#5,26 ,108 ,73 
nansanhuan_aq#6,21 ,100 ,57 
nansanhuan_aq#7,17 ,101 ,63 
nansanhuan_aq#8,14 ,93 ,65 
nansanhuan_aq#9,16 ,96 ,67 
nansanhuan_aq#10,16 ,95 ,62 
nansanhuan_aq#11,20 ,94 ,54 
nansanhuan_aq#12,21 ,90 ,38 
nansanhuan_aq#13,22 ,88 ,40 
nansanhuan_aq#14,26 ,88 ,36 
nansanhuan_aq#15,28 ,89 ,48 
nansanhuan_aq#16,35 ,109 ,43 
nansanhuan_aq#17,36 ,108 ,42 
nansanhuan_aq#18,31 ,106 ,35 
nansanhuan_aq#19,30 ,109 ,29 
nansanhuan_aq#20,29 ,109 ,18 
nansanhuan_aq#21,31 ,93 ,14 
nansanhuan_aq#22,28 ,102 ,16 
nansanhuan_aq#23,29 ,100 ,20 
nansanhuan_aq#24,32 ,98 ,17 
nansanhuan_aq#25,35 ,95 ,37 
nansanhuan_aq#26,34 ,92 ,45 
nansanhuan_aq#27,31 ,102 ,56 
nansanhuan_aq#28,32 ,104 ,67 
nansanhuan_aq#29,29 ,107 ,72 
nansanhuan_aq#30,30 ,113 ,91 
nansanhuan_aq#31,32 ,109 ,99 
nansanhuan_aq#32,33 ,105 ,97 
nansanhuan_aq#33,35 ,112 ,108 
nansanhuan_aq#34,37 ,112 ,104 
nansanhuan_aq#35,41 ,119 ,101 
nansanhuan_aq#36,46 ,120 ,88 
nansanhuan_aq#37,48 ,114 ,73 
nansanhuan_aq#38,49 ,107 ,68 
nansanhuan_aq#39,48 ,89 ,44 
nansanhuan_aq#40,44 ,106 ,50 
nansanhuan_aq#41,38 ,88 ,18 
nansanhuan_aq#42,37 ,80 ,17 
nansanhuan_aq#43,30 ,70 ,11 
nansanhuan_aq#44,30 ,71 ,9 
nansanhuan_aq#45,21 ,64 ,3 
nansanhuan_aq#46,26 ,58 ,3 
nansanhuan_aq#47,23 ,60 ,2 
dongsihuan_aq#0,41 ,121 ,20 
dongsihuan_aq#1,36 ,115 ,35 
dongsihuan_aq#2,35 ,114 ,48 
dongsihuan_aq#3,34 ,117 ,54 
dongsihuan_aq#4,36 ,105 ,75 
dongsihuan_aq#5,32 ,107 ,92 
dongsihuan_aq#6,28 ,99 ,70 
dongsihuan_aq#7,23 ,102 ,75 
dongsihuan_aq#8,19 ,96 ,82 
dongsihuan_aq#9,20 ,99 ,74 
dongsihuan_aq#10,21 ,90 ,62 
dongsihuan_aq#11,20 ,90 ,53 
dongsihuan_aq#12,18 ,92 ,76 
dongsihuan_aq#13,22 ,92 ,50 
dongsihuan_aq#14,24 ,95 ,40 
dongsihuan_aq#15,26 ,93 ,50 
dongsihuan_aq#16,30 ,104 ,52 
dongsihuan_aq#17,29 ,99 ,31 
dongsihuan_aq#18,29 ,109 ,7 
dongsihuan_aq#19,29 ,107 ,6 
dongsihuan_aq#20,29 ,107 ,4 
dongsihuan_aq#21,31 ,105 ,3 
dongsihuan_aq#22,32 ,115 ,4 
dongsihuan_aq#23,31 ,111 ,3 
dongsihuan_aq#24,34 ,109 ,11 
dongsihuan_aq#25,34 ,108 ,35 
dongsihuan_aq#26,33 ,103 ,46 
dongsihuan_aq#27,31 ,106 ,59 
dongsihuan_aq#28,31 ,121 ,80 
dongsihuan_aq#29,30 ,124 ,64 
dongsihuan_aq#30,28 ,130 ,97 
dongsihuan_aq#31,26 ,118 ,115 
dongsihuan_aq#32,25 ,107 ,105 
dongsihuan_aq#33,28 ,120 ,116 
dongsihuan_aq#34,31 ,116 ,127 
dongsihuan_aq#35,33 ,117 ,124 
dongsihuan_aq#36,39 ,123 ,121 
dongsihuan_aq#37,43 ,117 ,100 
dongsihuan_aq#38,47 ,119 ,89 
dongsihuan_aq#39,46 ,87 ,46 
dongsihuan_aq#40,46 ,110 ,45 
dongsihuan_aq#41,41 ,102 ,23 
dongsihuan_aq#42,37 ,104 ,4 
dongsihuan_aq#43,35 ,76 ,3 
dongsihuan_aq#44,35 ,70 ,2 
dongsihuan_aq#45,26 ,58 ,2 
dongsihuan_aq#46,26 ,53 ,3 
dongsihuan_aq#47,22 ,56 ,3 
CD1#0,11 ,25 ,0 
CD1#1,11 ,23 ,0 
CD1#2,11 ,22 ,0 
CD1#3,11 ,26 ,0 
CD1#4,11 ,24 ,0 
CD1#5,11 ,26 ,0 
CD1#6,11 ,24 ,0 
CD1#7,12 ,23 ,0 
CD1#8,12 ,24 ,0 
CD1#9,12 ,23 ,0 
CD1#10,11 ,21 ,0 
CD1#11,11 ,20 ,0 
CD1#12,11 ,19 ,0 
CD1#13,11 ,18 ,0 
CD1#14,10 ,18 ,0 
CD1#15,10 ,18 ,0 
CD1#16,9 ,18 ,0 
CD1#17,10 ,19 ,0 
CD1#18,10 ,19 ,0 
CD1#19,10 ,19 ,0 
CD1#20,9 ,19 ,0 
CD1#21,8 ,16 ,0 
CD1#22,8 ,16 ,0 
CD1#23,8 ,16 ,0 
CD1#24,8 ,16 ,0 
CD1#25,8 ,17 ,0 
CD1#26,8 ,17 ,0 
CD1#27,8 ,17 ,0 
CD1#28,10 ,20 ,0 
CD1#29,10 ,21 ,0 
CD1#30,11 ,21 ,0 
CD1#31,11 ,21 ,0 
CD1#32,11 ,21 ,0 
CD1#33,11 ,22 ,0 
CD1#34,11 ,20 ,0 
CD1#35,11 ,19 ,0 
CD1#36,11 ,20 ,0 
CD1#37,12 ,21 ,0 
CD1#38,12 ,22 ,0 
CD1#39,11 ,22 ,0 
CD1#40,11 ,20 ,0 
CD1#41,11 ,19 ,0 
CD1#42,11 ,19 ,0 
CD1#43,11 ,19 ,0 
CD1#44,11 ,19 ,0 
CD1#45,12 ,21 ,0 
CD1#46,9 ,17 ,0 
CD1#47,9 ,17 ,0 
BL0#0,8 ,19 ,0 
BL0#1,8 ,19 ,0 
BL0#2,7 ,20 ,0 
BL0#3,8 ,23 ,0 
BL0#4,7 ,19 ,0 
BL0#5,8 ,21 ,0 
BL0#6,8 ,21 ,0 
BL0#7,8 ,22 ,0 
BL0#8,8 ,22 ,0 
BL0#9,7 ,20 ,0 
BL0#10,6 ,15 ,0 
BL0#11,6 ,13 ,0 
BL0#12,5 ,12 ,0 
BL0#13,4 ,11 ,0 
BL0#14,5 ,11 ,0 
BL0#15,5 ,11 ,0 
BL0#16,5 ,11 ,0 
BL0#17,5 ,11 ,0 
BL0#18,5 ,12 ,0 
BL0#19,5 ,13 ,0 
BL0#20,5 ,13 ,0 
BL0#21,3 ,12 ,0 
BL0#22,3 ,13 ,0 
BL0#23,3 ,13 ,0 
BL0#24,4 ,13 ,0 
BL0#25,4 ,15 ,0 
BL0#26,5 ,14 ,0 
BL0#27,4 ,14 ,0 
BL0#28,6 ,17 ,0 
BL0#29,6 ,16 ,0 
BL0#30,6 ,17 ,0 
BL0#31,6 ,17 ,0 
BL0#32,6 ,17 ,0 
BL0#33,6 ,17 ,0 
BL0#34,5 ,15 ,0 
BL0#35,5 ,15 ,0 
BL0#36,5 ,15 ,0 
BL0#37,6 ,16 ,0 
BL0#38,6 ,16 ,0 
BL0#39,5 ,14 ,0 
BL0#40,5 ,14 ,0 
BL0#41,5 ,14 ,0 
BL0#42,5 ,16 ,0 
BL0#43,5 ,16 ,0 
BL0#44,6 ,17 ,0 
BL0#45,6 ,19 ,0 
BL0#46,4 ,13 ,0 
BL0#47,4 ,14 ,0 
GR4#0,11 ,15 ,0 
GR4#1,12 ,16 ,0 
GR4#2,12 ,19 ,0 
GR4#3,14 ,21 ,0 
GR4#4,11 ,21 ,0 
GR4#5,11 ,22 ,0 
GR4#6,11 ,21 ,0 
GR4#7,12 ,20 ,0 
GR4#8,12 ,19 ,0 
GR4#9,11 ,18 ,0 
GR4#10,11 ,14 ,0 
GR4#11,10 ,13 ,0 
GR4#12,9 ,11 ,0 
GR4#13,7 ,11 ,0 
GR4#14,7 ,11 ,0 
GR4#15,7 ,11 ,0 
GR4#16,7 ,10 ,0 
GR4#17,7 ,9 ,0 
GR4#18,7 ,11 ,0 
GR4#19,7 ,12 ,0 
GR4#20,7 ,12 ,0 
GR4#21,6 ,9 ,0 
GR4#22,7 ,10 ,0 
GR4#23,8 ,10 ,0 
GR4#24,7 ,10 ,0 
GR4#25,7 ,11 ,0 
GR4#26,7 ,12 ,0 
GR4#27,7 ,10 ,0 
GR4#28,9 ,13 ,0 
GR4#29,9 ,12 ,0 
GR4#30,9 ,12 ,0 
GR4#31,9 ,13 ,0 
GR4#32,9 ,13 ,0 
GR4#33,9 ,11 ,0 
GR4#34,8 ,12 ,0 
GR4#35,8 ,13 ,0 
GR4#36,9 ,14 ,0 
GR4#37,9 ,13 ,0 
GR4#38,9 ,14 ,0 
GR4#39,7 ,13 ,0 
GR4#40,8 ,11 ,0 
GR4#41,7 ,11 ,0 
GR4#42,7 ,11 ,0 
GR4#43,7 ,11 ,0 
GR4#44,7 ,13 ,0 
GR4#45,8 ,15 ,0 
GR4#46,7 ,10 ,0 
GR4#47,8 ,11 ,0 
MY7#0,12 ,26 ,0 
MY7#1,12 ,27 ,0 
MY7#2,12 ,27 ,0 
MY7#3,13 ,29 ,0 
MY7#4,12 ,29 ,0 
MY7#5,12 ,28 ,0 
MY7#6,13 ,27 ,0 
MY7#7,13 ,26 ,0 
MY7#8,12 ,24 ,0 
MY7#9,12 ,24 ,0 
MY7#10,11 ,25 ,0 
MY7#11,10 ,25 ,0 
MY7#12,10 ,25 ,0 
MY7#13,10 ,25 ,0 
MY7#14,10 ,25 ,0 
MY7#15,10 ,24 ,0 
MY7#16,9 ,22 ,0 
MY7#17,9 ,22 ,0 
MY7#18,10 ,23 ,0 
MY7#19,10 ,22 ,0 
MY7#20,10 ,22 ,0 
MY7#21,8 ,21 ,0 
MY7#22,8 ,21 ,0 
MY7#23,8 ,21 ,0 
MY7#24,8 ,22 ,0 
MY7#25,8 ,23 ,0 
MY7#26,8 ,23 ,0 
MY7#27,9 ,23 ,0 
MY7#28,11 ,24 ,0 
MY7#29,10 ,24 ,0 
MY7#30,10 ,23 ,0 
MY7#31,10 ,24 ,0 
MY7#32,10 ,23 ,0 
MY7#33,10 ,21 ,0 
MY7#34,9 ,20 ,0 
MY7#35,10 ,21 ,0 
MY7#36,10 ,21 ,0 
MY7#37,10 ,21 ,0 
MY7#38,10 ,20 ,0 
MY7#39,9 ,20 ,0 
MY7#40,9 ,18 ,0 
MY7#41,9 ,18 ,0 
MY7#42,9 ,20 ,0 
MY7#43,9 ,20 ,0 
MY7#44,10 ,20 ,0 
MY7#45,10 ,23 ,0 
MY7#46,8 ,19 ,0 
MY7#47,8 ,20 ,0 
HV1#0,7 ,17 ,0 
HV1#1,7 ,18 ,0 
HV1#2,9 ,21 ,0 
HV1#3,9 ,23 ,0 
HV1#4,9 ,19 ,0 
HV1#5,10 ,21 ,0 
HV1#6,11 ,22 ,0 
HV1#7,12 ,23 ,0 
HV1#8,12 ,22 ,0 
HV1#9,10 ,21 ,0 
HV1#10,10 ,19 ,0 
HV1#11,9 ,16 ,0 
HV1#12,8 ,15 ,0 
HV1#13,8 ,14 ,0 
HV1#14,7 ,13 ,0 
HV1#15,7 ,13 ,0 
HV1#16,6 ,12 ,0 
HV1#17,7 ,12 ,0 
HV1#18,7 ,13 ,0 
HV1#19,7 ,13 ,0 
HV1#20,6 ,12 ,0 
HV1#21,5 ,11 ,0 
HV1#22,5 ,15 ,0 
HV1#23,6 ,15 ,0 
HV1#24,7 ,17 ,0 
HV1#25,8 ,18 ,0 
HV1#26,8 ,19 ,0 
HV1#27,7 ,18 ,0 
HV1#28,9 ,18 ,0 
HV1#29,9 ,15 ,0 
HV1#30,8 ,14 ,0 
HV1#31,9 ,14 ,0 
HV1#32,9 ,16 ,0 
HV1#33,9 ,14 ,0 
HV1#34,7 ,16 ,0 
HV1#35,8 ,18 ,0 
HV1#36,8 ,18 ,0 
HV1#37,8 ,16 ,0 
HV1#38,8 ,15 ,0 
HV1#39,7 ,13 ,0 
HV1#40,6 ,12 ,0 
HV1#41,6 ,12 ,0 
HV1#42,7 ,12 ,0 
HV1#43,8 ,12 ,0 
HV1#44,9 ,13 ,0 
HV1#45,9 ,15 ,0 
HV1#46,6 ,14 ,0 
HV1#47,7 ,14 ,0 
GN3#0,12 ,21 ,0 
GN3#1,12 ,22 ,0 
GN3#2,12 ,22 ,0 
GN3#3,14 ,24 ,0 
GN3#4,13 ,23 ,0 
GN3#5,14 ,24 ,0 
GN3#6,13 ,24 ,0 
GN3#7,13 ,24 ,0 
GN3#8,13 ,24 ,0 
GN3#9,14 ,23 ,0 
GN3#10,12 ,20 ,0 
GN3#11,11 ,17 ,0 
GN3#12,11 ,16 ,0 
GN3#13,10 ,15 ,0 
GN3#14,10 ,15 ,0 
GN3#15,9 ,14 ,0 
GN3#16,8 ,12 ,0 
GN3#17,8 ,12 ,0 
GN3#18,9 ,13 ,0 
GN3#19,10 ,14 ,0 
GN3#20,10 ,14 ,0 
GN3#21,7 ,12 ,0 
GN3#22,6 ,13 ,0 
GN3#23,7 ,13 ,0 
GN3#24,7 ,13 ,0 
GN3#25,7 ,14 ,0 
GN3#26,7 ,14 ,0 
GN3#27,7 ,14 ,0 
GN3#28,10 ,18 ,0 
GN3#29,10 ,18 ,0 
GN3#30,10 ,18 ,0 
GN3#31,10 ,18 ,0 
GN3#32,10 ,18 ,0 
GN3#33,9 ,17 ,0 
GN3#34,8 ,15 ,0 
GN3#35,8 ,15 ,0 
GN3#36,9 ,16 ,0 
GN3#37,9 ,17 ,0 
GN3#38,10 ,17 ,0 
GN3#39,9 ,17 ,0 
GN3#40,8 ,15 ,0 
GN3#41,8 ,15 ,0 
GN3#42,8 ,15 ,0 
GN3#43,9 ,17 ,0 
GN3#44,9 ,18 ,0 
GN3#45,10 ,19 ,0 
GN3#46,6 ,12 ,0 
GN3#47,6 ,13 ,0 
GR9#0,11 ,23 ,0 
GR9#1,13 ,24 ,0 
GR9#2,13 ,26 ,0 
GR9#3,14 ,28 ,0 
GR9#4,12 ,26 ,0 
GR9#5,12 ,26 ,0 
GR9#6,12 ,24 ,0 
GR9#7,11 ,21 ,0 
GR9#8,11 ,20 ,0 
GR9#9,11 ,20 ,0 
GR9#10,10 ,17 ,0 
GR9#11,9 ,15 ,0 
GR9#12,8 ,14 ,0 
GR9#13,8 ,14 ,0 
GR9#14,7 ,14 ,0 
GR9#15,7 ,13 ,0 
GR9#16,6 ,13 ,0 
GR9#17,6 ,13 ,0 
GR9#18,6 ,14 ,0 
GR9#19,6 ,14 ,0 
GR9#20,6 ,13 ,0 
GR9#21,5 ,12 ,0 
GR9#22,5 ,14 ,0 
GR9#23,6 ,16 ,0 
GR9#24,6 ,17 ,0 
GR9#25,7 ,18 ,0 
GR9#26,8 ,17 ,0 
GR9#27,7 ,17 ,0 
GR9#28,9 ,19 ,0 
GR9#29,9 ,19 ,0 
GR9#30,10 ,19 ,0 
GR9#31,9 ,19 ,0 
GR9#32,9 ,19 ,0 
GR9#33,8 ,20 ,0 
GR9#34,8 ,19 ,0 
GR9#35,8 ,20 ,0 
GR9#36,9 ,20 ,0 
GR9#37,8 ,19 ,0 
GR9#38,8 ,18 ,0 
GR9#39,7 ,17 ,0 
GR9#40,6 ,15 ,0 
GR9#41,6 ,16 ,0 
GR9#42,6 ,16 ,0 
GR9#43,7 ,18 ,0 
GR9#44,8 ,19 ,0 
GR9#45,9 ,21 ,0 
GR9#46,5 ,15 ,0 
GR9#47,6 ,15 ,0 
LW2#0,12 ,20 ,0 
LW2#1,12 ,20 ,0 
LW2#2,13 ,20 ,0 
LW2#3,14 ,22 ,0 
LW2#4,14 ,22 ,0 
LW2#5,14 ,23 ,0 
LW2#6,14 ,23 ,0 
LW2#7,15 ,23 ,0 
LW2#8,15 ,24 ,0 
LW2#9,15 ,23 ,0 
LW2#10,13 ,19 ,0 
LW2#11,13 ,18 ,0 
LW2#12,13 ,18 ,0 
LW2#13,12 ,18 ,0 
LW2#14,12 ,18 ,0 
LW2#15,10 ,16 ,0 
LW2#16,10 ,15 ,0 
LW2#17,12 ,16 ,0 
LW2#18,13 ,19 ,0 
LW2#19,13 ,18 ,0 
LW2#20,13 ,19 ,0 
LW2#21,9 ,14 ,0 
LW2#22,9 ,15 ,0 
LW2#23,10 ,14 ,0 
LW2#24,10 ,14 ,0 
LW2#25,10 ,15 ,0 
LW2#26,9 ,14 ,0 
LW2#27,9 ,15 ,0 
LW2#28,13 ,20 ,0 
LW2#29,12 ,18 ,0 
LW2#30,11 ,17 ,0 
LW2#31,11 ,17 ,0 
LW2#32,11 ,16 ,0 
LW2#33,10 ,16 ,0 
LW2#34,10 ,15 ,0 
LW2#35,11 ,18 ,0 
LW2#36,11 ,19 ,0 
LW2#37,12 ,20 ,0 
LW2#38,12 ,21 ,0 
LW2#39,12 ,20 ,0 
LW2#40,11 ,20 ,0 
LW2#41,12 ,20 ,0 
LW2#42,12 ,20 ,0 
LW2#43,13 ,21 ,0 
LW2#44,13 ,21 ,0 
LW2#45,14 ,23 ,0 
LW2#46,10 ,15 ,0 
LW2#47,10 ,14 ,0 
GN0#0,15 ,15 ,0 
GN0#1,16 ,16 ,0 
GN0#2,16 ,18 ,0 
GN0#3,19 ,19 ,0 
GN0#4,19 ,16 ,0 
GN0#5,19 ,19 ,0 
GN0#6,17 ,19 ,0 
GN0#7,17 ,20 ,0 
GN0#8,17 ,20 ,0 
GN0#9,17 ,19 ,0 
GN0#10,16 ,14 ,0 
GN0#11,15 ,13 ,0 
GN0#12,14 ,13 ,0 
GN0#13,13 ,12 ,0 
GN0#14,13 ,12 ,0 
GN0#15,13 ,11 ,0 
GN0#16,13 ,10 ,0 
GN0#17,12 ,10 ,0 
GN0#18,13 ,11 ,0 
GN0#19,13 ,11 ,0 
GN0#20,13 ,11 ,0 
GN0#21,11 ,10 ,0 
GN0#22,12 ,11 ,0 
GN0#23,13 ,11 ,0 
GN0#24,13 ,11 ,0 
GN0#25,13 ,12 ,0 
GN0#26,14 ,12 ,0 
GN0#27,14 ,11 ,0 
GN0#28,17 ,14 ,0 
GN0#29,17 ,14 ,0 
GN0#30,16 ,14 ,0 
GN0#31,15 ,14 ,0 
GN0#32,14 ,14 ,0 
GN0#33,14 ,14 ,0 
GN0#34,14 ,14 ,0 
GN0#35,14 ,14 ,0 
GN0#36,14 ,16 ,0 
GN0#37,14 ,16 ,0 
GN0#38,14 ,15 ,0 
GN0#39,14 ,15 ,0 
GN0#40,15 ,14 ,0 
GN0#41,16 ,13 ,0 
GN0#42,16 ,12 ,0 
GN0#43,16 ,12 ,0 
GN0#44,16 ,12 ,0 
GN0#45,17 ,15 ,0 
GN0#46,14 ,11 ,0 
GN0#47,14 ,11 ,0 
KF1#0,9 ,17 ,0 
KF1#1,9 ,17 ,0 
KF1#2,9 ,17 ,0 
KF1#3,10 ,19 ,0 
KF1#4,10 ,18 ,0 
KF1#5,9 ,17 ,0 
KF1#6,9 ,16 ,0 
KF1#7,8 ,15 ,0 
KF1#8,8 ,15 ,0 
KF1#9,8 ,14 ,0 
KF1#10,6 ,11 ,0 
KF1#11,6 ,11 ,0 
KF1#12,6 ,11 ,0 
KF1#13,6 ,11 ,0 
KF1#14,6 ,11 ,0 
KF1#15,6 ,10 ,0 
KF1#16,5 ,9 ,0 
KF1#17,5 ,9 ,0 
KF1#18,5 ,10 ,0 
KF1#19,5 ,10 ,0 
KF1#20,5 ,10 ,0 
KF1#21,4 ,8 ,0 
KF1#22,6 ,10 ,0 
KF1#23,6 ,10 ,0 
KF1#24,6 ,11 ,0 
KF1#25,6 ,12 ,0 
KF1#26,6 ,12 ,0 
KF1#27,6 ,11 ,0 
KF1#28,7 ,13 ,0 
KF1#29,7 ,13 ,0 
KF1#30,7 ,13 ,0 
KF1#31,7 ,13 ,0 
KF1#32,6 ,13 ,0 
KF1#33,6 ,13 ,0 
KF1#34,6 ,12 ,0 
KF1#35,6 ,12 ,0 
KF1#36,6 ,13 ,0 
KF1#37,6 ,13 ,0 
KF1#38,7 ,13 ,0 
KF1#39,6 ,12 ,0 
KF1#40,5 ,11 ,0 
KF1#41,5 ,11 ,0 
KF1#42,5 ,11 ,0 
KF1#43,6 ,12 ,0 
KF1#44,6 ,12 ,0 
KF1#45,7 ,13 ,0 
KF1#46,6 ,10 ,0 
KF1#47,6 ,12 ,0 
CD9#0,10 ,21 ,0 
CD9#1,11 ,22 ,0 
CD9#2,11 ,23 ,0 
CD9#3,12 ,25 ,0 
CD9#4,13 ,27 ,0 
CD9#5,13 ,27 ,0 
CD9#6,13 ,28 ,0 
CD9#7,13 ,27 ,0 
CD9#8,13 ,27 ,0 
CD9#9,11 ,25 ,0 
CD9#10,10 ,22 ,0 
CD9#11,10 ,21 ,0 
CD9#12,9 ,21 ,0 
CD9#13,10 ,21 ,0 
CD9#14,10 ,21 ,0 
CD9#15,9 ,20 ,0 
CD9#16,8 ,18 ,0 
CD9#17,8 ,17 ,0 
CD9#18,8 ,17 ,0 
CD9#19,7 ,17 ,0 
CD9#20,7 ,17 ,0 
CD9#21,6 ,15 ,0 
CD9#22,5 ,14 ,0 
CD9#23,6 ,15 ,0 
CD9#24,6 ,17 ,0 
CD9#25,8 ,19 ,0 
CD9#26,8 ,19 ,0 
CD9#27,8 ,18 ,0 
CD9#28,10 ,21 ,0 
CD9#29,10 ,21 ,0 
CD9#30,12 ,22 ,0 
CD9#31,12 ,23 ,0 
CD9#32,12 ,24 ,0 
CD9#33,11 ,23 ,0 
CD9#34,10 ,23 ,0 
CD9#35,12 ,24 ,0 
CD9#36,11 ,24 ,0 
CD9#37,12 ,25 ,0 
CD9#38,12 ,25 ,0 
CD9#39,12 ,24 ,0 
CD9#40,11 ,22 ,0 
CD9#41,11 ,21 ,0 
CD9#42,11 ,21 ,0 
CD9#43,11 ,20 ,0 
CD9#44,12 ,20 ,0 
CD9#45,12 ,22 ,0 
CD9#46,8 ,18 ,0 
CD9#47,9 ,18 ,0 
ST5#0,11 ,25 ,0 
ST5#1,12 ,22 ,0 
ST5#2,13 ,20 ,0 
ST5#3,15 ,25 ,0 
ST5#4,11 ,25 ,0 
ST5#5,12 ,23 ,0 
ST5#6,12 ,23 ,0 
ST5#7,13 ,25 ,0 
ST5#8,13 ,26 ,0 
ST5#9,14 ,29 ,0 
ST5#10,12 ,27 ,0 
ST5#11,10 ,26 ,0 
ST5#12,9 ,24 ,0 
ST5#13,8 ,22 ,0 
ST5#14,8 ,21 ,0 
ST5#15,7 ,19 ,0 
ST5#16,7 ,20 ,0 
ST5#17,7 ,20 ,0 
ST5#18,8 ,21 ,0 
ST5#19,8 ,23 ,0 
ST5#20,8 ,23 ,0 
ST5#21,7 ,22 ,0 
ST5#22,10 ,23 ,0 
ST5#23,10 ,23 ,0 
ST5#24,10 ,23 ,0 
ST5#25,10 ,24 ,0 
ST5#26,10 ,22 ,0 
ST5#27,11 ,21 ,0 
ST5#28,14 ,26 ,0 
ST5#29,14 ,25 ,0 
ST5#30,14 ,23 ,0 
ST5#31,13 ,23 ,0 
ST5#32,12 ,25 ,0 
ST5#33,12 ,25 ,0 
ST5#34,10 ,25 ,0 
ST5#35,9 ,26 ,0 
ST5#36,9 ,25 ,0 
ST5#37,9 ,25 ,0 
ST5#38,9 ,26 ,0 
ST5#39,9 ,25 ,0 
ST5#40,8 ,23 ,0 
ST5#41,8 ,23 ,0 
ST5#42,9 ,20 ,0 
ST5#43,11 ,19 ,0 
ST5#44,12 ,18 ,0 
ST5#45,14 ,22 ,0 
ST5#46,8 ,19 ,0 
ST5#47,8 ,20 ,0 
TH4#0,10 ,29 ,0 
TH4#1,11 ,30 ,0 
TH4#2,12 ,31 ,0 
TH4#3,13 ,32 ,0 
TH4#4,13 ,30 ,0 
TH4#5,14 ,31 ,0 
TH4#6,14 ,31 ,0 
TH4#7,14 ,34 ,0 
TH4#8,15 ,34 ,0 
TH4#9,15 ,33 ,0 
TH4#10,14 ,30 ,0 
TH4#11,14 ,30 ,0 
TH4#12,13 ,30 ,0 
TH4#13,13 ,29 ,0 
TH4#14,13 ,27 ,0 
TH4#15,12 ,26 ,0 
TH4#16,11 ,26 ,0 
TH4#17,12 ,25 ,0 
TH4#18,12 ,25 ,0 
TH4#19,12 ,25 ,0 
TH4#20,13 ,25 ,0 
TH4#21,9 ,21 ,0 
TH4#22,10 ,23 ,0 
TH4#23,10 ,23 ,0 
TH4#24,10 ,23 ,0 
TH4#25,10 ,25 ,0 
TH4#26,10 ,25 ,0 
TH4#27,9 ,22 ,0 
TH4#28,12 ,25 ,0 
TH4#29,12 ,26 ,0 
TH4#30,12 ,26 ,0 
TH4#31,13 ,28 ,0 
TH4#32,14 ,31 ,0 
TH4#33,12 ,29 ,0 
TH4#34,12 ,30 ,0 
TH4#35,13 ,30 ,0 
TH4#36,12 ,30 ,0 
TH4#37,12 ,31 ,0 
TH4#38,13 ,30 ,0 
TH4#39,11 ,28 ,0 
TH4#40,10 ,25 ,0 
TH4#41,10 ,24 ,0 
TH4#42,10 ,22 ,0 
TH4#43,11 ,23 ,0 
TH4#44,11 ,23 ,0 
TH4#45,12 ,23 ,0 
TH4#46,8 ,19 ,0 
TH4#47,8 ,19 ,0 
