test_id,PM2.5,PM10,O3
dongsi_aq#0,73,94,39
dongsi_aq#1,63,94,40
dongsi_aq#2,49,95,56
dongsi_aq#3,49,85,62
dongsi_aq#4,48,74,71
dongsi_aq#5,49,73,79
dongsi_aq#6,46,76,81
dongsi_aq#7,41,80,70
dongsi_aq#8,50,78,58
dongsi_aq#9,51,77,53
dongsi_aq#10,55,74,52
dongsi_aq#11,48,74,57
dongsi_aq#12,40,70,49
dongsi_aq#13,53,79,48
dongsi_aq#14,56,83,44
dongsi_aq#15,60,103,41
dongsi_aq#16,60,114,49
dongsi_aq#17,58,113,66
dongsi_aq#18,60,104,75
dongsi_aq#19,60,103,68
dongsi_aq#20,61,105,61
dongsi_aq#21,67,101,53
dongsi_aq#22,63,97,50
dongsi_aq#23,63,104,48
dongsi_aq#24,63,112,55
dongsi_aq#25,64,115,56
dongsi_aq#26,64,103,58
dongsi_aq#27,64,99,83
dongsi_aq#28,58,91,88
dongsi_aq#29,54,76,93
dongsi_aq#30,54,75,98
dongsi_aq#31,57,74,104
dongsi_aq#32,60,79,105
dongsi_aq#33,60,83,105
dongsi_aq#34,62,88,102
dongsi_aq#35,57,92,99
dongsi_aq#36,58,91,95
dongsi_aq#37,62,93,91
dongsi_aq#38,61,80,90
dongsi_aq#39,61,76,90
dongsi_aq#40,60,75,71
dongsi_aq#41,61,77,62
dongsi_aq#42,64,79,38
dongsi_aq#43,61,66,30
dongsi_aq#44,34,40,46
dongsi_aq#45,25,41,50
dongsi_aq#46,38,44,45
dongsi_aq#47,37,49,50
tiantan_aq#0,58,92,17
tiantan_aq#1,51,96,29
tiantan_aq#2,51,94,43
tiantan_aq#3,46,94,52
tiantan_aq#4,47,92,56
tiantan_aq#5,50,96,61
tiantan_aq#6,50,80,65
tiantan_aq#7,48,80,52
tiantan_aq#8,53,81,42
tiantan_aq#9,50,74,41
tiantan_aq#10,51,67,46
tiantan_aq#11,47,64,42
tiantan_aq#12,42,71,39
tiantan_aq#13,48,75,43
tiantan_aq#14,55,83,40
tiantan_aq#15,58,91,26
tiantan_aq#16,57,92,37
tiantan_aq#17,67,85,57
tiantan_aq#18,68,89,58
tiantan_aq#19,65,87,41
tiantan_aq#20,57,84,35
tiantan_aq#21,54,89,34
tiantan_aq#22,54,92,34
tiantan_aq#23,55,95,40
tiantan_aq#24,56,95,39
tiantan_aq#25,62,96,32
tiantan_aq#26,57,95,34
tiantan_aq#27,52,90,66
tiantan_aq#28,38,79,77
tiantan_aq#29,42,84,71
tiantan_aq#30,40,81,76
tiantan_aq#31,47,93,79
tiantan_aq#32,45,93,82
tiantan_aq#33,40,100,79
tiantan_aq#34,53,93,74
tiantan_aq#35,56,101,73
tiantan_aq#36,56,104,71
tiantan_aq#37,61,100,67
tiantan_aq#38,61,95,67
tiantan_aq#39,57,94,63
tiantan_aq#40,53,96,61
tiantan_aq#41,54,90,45
tiantan_aq#42,52,92,11
tiantan_aq#43,46,65,5
tiantan_aq#44,29,50,47
tiantan_aq#45,23,45,56
tiantan_aq#46,27,46,53
tiantan_aq#47,29,56,53
guanyuan_aq#0,70,105,33
guanyuan_aq#1,63,103,37
guanyuan_aq#2,66,98,53
guanyuan_aq#3,49,103,55
guanyuan_aq#4,50,74,54
guanyuan_aq#5,50,72,67
guanyuan_aq#6,54,70,70
guanyuan_aq#7,45,71,52
guanyuan_aq#8,47,72,53
guanyuan_aq#9,45,70,50
guanyuan_aq#10,46,69,53
guanyuan_aq#11,44,83,51
guanyuan_aq#12,38,85,49
guanyuan_aq#13,41,79,47
guanyuan_aq#14,50,107,55
guanyuan_aq#15,53,105,50
guanyuan_aq#16,53,106,48
guanyuan_aq#17,46,96,55
guanyuan_aq#18,50,99,55
guanyuan_aq#19,54,99,53
guanyuan_aq#20,54,102,47
guanyuan_aq#21,56,105,41
guanyuan_aq#22,55,103,40
guanyuan_aq#23,57,102,44
guanyuan_aq#24,60,103,48
guanyuan_aq#25,59,104,52
guanyuan_aq#26,57,107,57
guanyuan_aq#27,60,104,73
guanyuan_aq#28,49,100,98
guanyuan_aq#29,50,97,103
guanyuan_aq#30,50,99,109
guanyuan_aq#31,54,87,112
guanyuan_aq#32,52,92,112
guanyuan_aq#33,55,94,107
guanyuan_aq#34,57,89,100
guanyuan_aq#35,58,90,101
guanyuan_aq#36,59,89,106
guanyuan_aq#37,63,90,98
guanyuan_aq#38,64,87,93
guanyuan_aq#39,60,84,82
guanyuan_aq#40,61,76,75
guanyuan_aq#41,63,90,69
guanyuan_aq#42,67,96,42
guanyuan_aq#43,46,61,15
guanyuan_aq#44,27,45,37
guanyuan_aq#45,23,50,47
guanyuan_aq#46,27,51,41
guanyuan_aq#47,21,45,53
wanshouxig_aq#0,59,104,35
wanshouxig_aq#1,58,99,32
wanshouxig_aq#2,53,97,57
wanshouxig_aq#3,48,101,56
wanshouxig_aq#4,51,83,56
wanshouxig_aq#5,53,79,58
wanshouxig_aq#6,49,72,63
wanshouxig_aq#7,43,73,55
wanshouxig_aq#8,44,70,51
wanshouxig_aq#9,41,68,46
wanshouxig_aq#10,40,67,48
wanshouxig_aq#11,46,70,44
wanshouxig_aq#12,39,72,43
wanshouxig_aq#13,48,72,44
wanshouxig_aq#14,53,95,44
wanshouxig_aq#15,55,100,41
wanshouxig_aq#16,54,97,47
wanshouxig_aq#17,69,96,56
wanshouxig_aq#18,64,94,58
wanshouxig_aq#19,65,90,49
wanshouxig_aq#20,68,92,43
wanshouxig_aq#21,68,89,44
wanshouxig_aq#22,67,88,40
wanshouxig_aq#23,62,97,44
wanshouxig_aq#24,61,101,44
wanshouxig_aq#25,63,104,38
wanshouxig_aq#26,64,101,50
wanshouxig_aq#27,64,90,71
wanshouxig_aq#28,47,87,76
wanshouxig_aq#29,47,94,83
wanshouxig_aq#30,46,91,87
wanshouxig_aq#31,52,84,100
wanshouxig_aq#32,53,81,97
wanshouxig_aq#33,49,80,95
wanshouxig_aq#34,61,81,84
wanshouxig_aq#35,66,107,87
wanshouxig_aq#36,63,110,84
wanshouxig_aq#37,66,110,86
wanshouxig_aq#38,64,104,76
wanshouxig_aq#39,68,101,74
wanshouxig_aq#40,65,101,67
wanshouxig_aq#41,61,100,67
wanshouxig_aq#42,64,101,37
wanshouxig_aq#43,53,55,21
wanshouxig_aq#44,25,45,45
wanshouxig_aq#45,13,44,58
wanshouxig_aq#46,27,45,46
wanshouxig_aq#47,27,45,43
aotizhongx_aq#0,80,77,33
aotizhongx_aq#1,81,77,33
aotizhongx_aq#2,82,79,65
aotizhongx_aq#3,75,78,59
aotizhongx_aq#4,77,87,65
aotizhongx_aq#5,65,82,69
aotizhongx_aq#6,49,77,67
aotizhongx_aq#7,51,77,59
aotizhongx_aq#8,52,64,54
aotizhongx_aq#9,53,64,44
aotizhongx_aq#10,49,65,45
aotizhongx_aq#11,43,69,48
aotizhongx_aq#12,31,73,50
aotizhongx_aq#13,37,75,47
aotizhongx_aq#14,64,74,39
aotizhongx_aq#15,68,81,33
aotizhongx_aq#16,68,84,50
aotizhongx_aq#17,66,79,67
aotizhongx_aq#18,63,73,70
aotizhongx_aq#19,65,72,68
aotizhongx_aq#20,65,75,65
aotizhongx_aq#21,64,77,47
aotizhongx_aq#22,65,81,38
aotizhongx_aq#23,65,77,39
aotizhongx_aq#24,64,77,39
aotizhongx_aq#25,62,83,38
aotizhongx_aq#26,64,85,39
aotizhongx_aq#27,64,86,68
aotizhongx_aq#28,57,78,82
aotizhongx_aq#29,57,82,89
aotizhongx_aq#30,51,79,97
aotizhongx_aq#31,53,79,104
aotizhongx_aq#32,70,79,110
aotizhongx_aq#33,70,78,109
aotizhongx_aq#34,75,81,101
aotizhongx_aq#35,71,86,95
aotizhongx_aq#36,72,87,90
aotizhongx_aq#37,72,89,92
aotizhongx_aq#38,72,86,80
aotizhongx_aq#39,74,86,83
aotizhongx_aq#40,74,77,84
aotizhongx_aq#41,66,78,80
aotizhongx_aq#42,73,83,44
aotizhongx_aq#43,71,78,30
aotizhongx_aq#44,60,60,66
aotizhongx_aq#45,19,39,52
aotizhongx_aq#46,21,38,52
aotizhongx_aq#47,26,34,46
nongzhangu_aq#0,70,112,34
nongzhangu_aq#1,58,111,49
nongzhangu_aq#2,57,103,50
nongzhangu_aq#3,54,91,60
nongzhangu_aq#4,55,79,64
nongzhangu_aq#5,51,74,53
nongzhangu_aq#6,45,75,46
nongzhangu_aq#7,45,76,44
nongzhangu_aq#8,43,72,45
nongzhangu_aq#9,39,75,42
nongzhangu_aq#10,33,78,42
nongzhangu_aq#11,35,75,43
nongzhangu_aq#12,32,78,42
nongzhangu_aq#13,34,86,40
nongzhangu_aq#14,45,89,32
nongzhangu_aq#15,50,94,27
nongzhangu_aq#16,51,97,41
nongzhangu_aq#17,50,98,53
nongzhangu_aq#18,52,98,53
nongzhangu_aq#19,56,92,35
nongzhangu_aq#20,55,92,34
nongzhangu_aq#21,56,94,36
nongzhangu_aq#22,55,91,36
nongzhangu_aq#23,57,87,31
nongzhangu_aq#24,54,87,51
nongzhangu_aq#25,55,98,43
nongzhangu_aq#26,53,95,55
nongzhangu_aq#27,51,84,69
nongzhangu_aq#28,45,76,88
nongzhangu_aq#29,42,82,96
nongzhangu_aq#30,43,83,99
nongzhangu_aq#31,53,93,101
nongzhangu_aq#32,53,84,103
nongzhangu_aq#33,59,85,102
nongzhangu_aq#34,58,87,102
nongzhangu_aq#35,61,102,96
nongzhangu_aq#36,64,104,90
nongzhangu_aq#37,68,103,88
nongzhangu_aq#38,69,105,78
nongzhangu_aq#39,73,106,81
nongzhangu_aq#40,67,100,67
nongzhangu_aq#41,60,100,57
nongzhangu_aq#42,64,102,13
nongzhangu_aq#43,57,96,0
nongzhangu_aq#44,44,49,32
nongzhangu_aq#45,49,82,31
nongzhangu_aq#46,55,92,12
nongzhangu_aq#47,52,99,12
wanliu_aq#0,58,103,34
wanliu_aq#1,62,99,54
wanliu_aq#2,58,99,60
wanliu_aq#3,58,92,63
wanliu_aq#4,58,90,66
wanliu_aq#5,58,89,68
wanliu_aq#6,43,74,74
wanliu_aq#7,47,74,71
wanliu_aq#8,41,79,53
wanliu_aq#9,41,71,53
wanliu_aq#10,46,66,47
wanliu_aq#11,49,91,46
wanliu_aq#12,47,100,45
wanliu_aq#13,48,97,45
wanliu_aq#14,48,104,34
wanliu_aq#15,52,102,37
wanliu_aq#16,57,101,44
wanliu_aq#17,53,110,49
wanliu_aq#18,48,101,42
wanliu_aq#19,58,103,41
wanliu_aq#20,61,102,39
wanliu_aq#21,61,102,39
wanliu_aq#22,65,105,29
wanliu_aq#23,65,104,25
wanliu_aq#24,59,103,46
wanliu_aq#25,59,100,51
wanliu_aq#26,58,101,57
wanliu_aq#27,55,98,62
wanliu_aq#28,52,98,71
wanliu_aq#29,47,94,78
wanliu_aq#30,51,83,92
wanliu_aq#31,52,86,93
wanliu_aq#32,53,88,94
wanliu_aq#33,52,97,89
wanliu_aq#34,52,98,83
wanliu_aq#35,59,108,80
wanliu_aq#36,59,113,79
wanliu_aq#37,64,112,78
wanliu_aq#38,64,109,78
wanliu_aq#39,57,104,84
wanliu_aq#40,58,102,82
wanliu_aq#41,57,103,64
wanliu_aq#42,63,88,24
wanliu_aq#43,53,83,26
wanliu_aq#44,22,54,44
wanliu_aq#45,19,53,64
wanliu_aq#46,17,64,63
wanliu_aq#47,11,64,67
beibuxinqu_aq#0,62,86,50
beibuxinqu_aq#1,79,92,61
beibuxinqu_aq#2,71,87,64
beibuxinqu_aq#3,71,92,62
beibuxinqu_aq#4,74,87,64
beibuxinqu_aq#5,70,86,61
beibuxinqu_aq#6,62,98,63
beibuxinqu_aq#7,62,107,67
beibuxinqu_aq#8,50,106,60
beibuxinqu_aq#9,44,103,47
beibuxinqu_aq#10,83,121,46
beibuxinqu_aq#11,78,127,43
beibuxinqu_aq#12,84,124,42
beibuxinqu_aq#13,72,128,36
beibuxinqu_aq#14,86,122,31
beibuxinqu_aq#15,86,119,33
beibuxinqu_aq#16,85,125,37
beibuxinqu_aq#17,83,122,46
beibuxinqu_aq#18,82,117,47
beibuxinqu_aq#19,81,118,44
beibuxinqu_aq#20,81,114,41
beibuxinqu_aq#21,81,118,40
beibuxinqu_aq#22,83,116,39
beibuxinqu_aq#23,83,116,50
beibuxinqu_aq#24,83,115,51
beibuxinqu_aq#25,81,120,68
beibuxinqu_aq#26,82,116,70
beibuxinqu_aq#27,80,118,71
beibuxinqu_aq#28,72,119,76
beibuxinqu_aq#29,69,133,85
beibuxinqu_aq#30,71,142,93
beibuxinqu_aq#31,62,144,89
beibuxinqu_aq#32,62,141,91
beibuxinqu_aq#33,67,146,93
beibuxinqu_aq#34,69,146,90
beibuxinqu_aq#35,72,144,83
beibuxinqu_aq#36,76,147,82
beibuxinqu_aq#37,77,147,75
beibuxinqu_aq#38,76,149,71
beibuxinqu_aq#39,81,142,74
beibuxinqu_aq#40,73,137,68
beibuxinqu_aq#41,79,126,55
beibuxinqu_aq#42,80,120,21
beibuxinqu_aq#43,35,78,5
beibuxinqu_aq#44,31,82,26
beibuxinqu_aq#45,21,70,38
beibuxinqu_aq#46,18,81,54
beibuxinqu_aq#47,18,81,67
zhiwuyuan_aq#0,55,81,44
zhiwuyuan_aq#1,55,76,44
zhiwuyuan_aq#2,57,83,55
zhiwuyuan_aq#3,60,84,66
zhiwuyuan_aq#4,57,79,67
zhiwuyuan_aq#5,56,75,69
zhiwuyuan_aq#6,58,75,69
zhiwuyuan_aq#7,58,75,67
zhiwuyuan_aq#8,50,71,68
zhiwuyuan_aq#9,50,68,66
zhiwuyuan_aq#10,64,82,67
zhiwuyuan_aq#11,71,85,65
zhiwuyuan_aq#12,53,81,62
zhiwuyuan_aq#13,70,85,61
zhiwuyuan_aq#14,68,87,49
zhiwuyuan_aq#15,63,85,55
zhiwuyuan_aq#16,72,85,52
zhiwuyuan_aq#17,64,81,47
zhiwuyuan_aq#18,74,79,55
zhiwuyuan_aq#19,76,79,56
zhiwuyuan_aq#20,77,81,42
zhiwuyuan_aq#21,77,81,42
zhiwuyuan_aq#22,65,82,31
zhiwuyuan_aq#23,81,84,44
zhiwuyuan_aq#24,80,84,46
zhiwuyuan_aq#25,80,86,57
zhiwuyuan_aq#26,69,88,59
zhiwuyuan_aq#27,65,89,65
zhiwuyuan_aq#28,69,93,82
zhiwuyuan_aq#29,69,92,92
zhiwuyuan_aq#30,57,88,91
zhiwuyuan_aq#31,43,83,95
zhiwuyuan_aq#32,56,82,99
zhiwuyuan_aq#33,59,83,95
zhiwuyuan_aq#34,56,82,94
zhiwuyuan_aq#35,61,81,92
zhiwuyuan_aq#36,63,77,95
zhiwuyuan_aq#37,64,76,89
zhiwuyuan_aq#38,57,79,78
zhiwuyuan_aq#39,63,78,80
zhiwuyuan_aq#40,64,80,79
zhiwuyuan_aq#41,57,80,71
zhiwuyuan_aq#42,67,78,25
zhiwuyuan_aq#43,45,57,22
zhiwuyuan_aq#44,41,50,62
zhiwuyuan_aq#45,41,53,68
zhiwuyuan_aq#46,38,51,70
zhiwuyuan_aq#47,29,50,81
fengtaihua_aq#0,78,109,31
fengtaihua_aq#1,82,109,30
fengtaihua_aq#2,72,103,53
fengtaihua_aq#3,68,92,57
fengtaihua_aq#4,67,93,59
fengtaihua_aq#5,69,93,61
fengtaihua_aq#6,63,88,61
fengtaihua_aq#7,58,90,44
fengtaihua_aq#8,60,92,52
fengtaihua_aq#9,54,95,53
fengtaihua_aq#10,53,93,52
fengtaihua_aq#11,49,79,52
fengtaihua_aq#12,50,82,44
fengtaihua_aq#13,53,88,39
fengtaihua_aq#14,54,102,37
fengtaihua_aq#15,60,101,37
fengtaihua_aq#16,58,105,38
fengtaihua_aq#17,58,103,42
fengtaihua_aq#18,67,103,39
fengtaihua_aq#19,68,99,39
fengtaihua_aq#20,69,99,35
fengtaihua_aq#21,68,95,34
fengtaihua_aq#22,69,96,31
fengtaihua_aq#23,69,96,52
fengtaihua_aq#24,69,100,53
fengtaihua_aq#25,67,103,54
fengtaihua_aq#26,69,94,59
fengtaihua_aq#27,68,95,68
fengtaihua_aq#28,50,101,81
fengtaihua_aq#29,45,102,88
fengtaihua_aq#30,43,93,95
fengtaihua_aq#31,49,94,96
fengtaihua_aq#32,51,101,98
fengtaihua_aq#33,58,102,88
fengtaihua_aq#34,71,109,86
fengtaihua_aq#35,69,114,86
fengtaihua_aq#36,69,117,87
fengtaihua_aq#37,71,121,78
fengtaihua_aq#38,70,121,73
fengtaihua_aq#39,76,114,65
fengtaihua_aq#40,80,100,62
fengtaihua_aq#41,78,107,53
fengtaihua_aq#42,82,104,26
fengtaihua_aq#43,60,98,8
fengtaihua_aq#44,31,60,32
fengtaihua_aq#45,31,56,37
fengtaihua_aq#46,30,57,39
fengtaihua_aq#47,29,56,53
yungang_aq#0,60,98,11
yungang_aq#1,37,92,11
yungang_aq#2,38,96,22
yungang_aq#3,38,94,28
yungang_aq#4,36,95,41
yungang_aq#5,36,92,49
yungang_aq#6,43,95,48
yungang_aq#7,36,95,40
yungang_aq#8,38,96,43
yungang_aq#9,43,97,47
yungang_aq#10,39,91,46
yungang_aq#11,60,104,45
yungang_aq#12,32,102,52
yungang_aq#13,48,104,46
yungang_aq#14,65,107,44
yungang_aq#15,76,110,43
yungang_aq#16,59,115,47
yungang_aq#17,77,121,58
yungang_aq#18,58,118,51
yungang_aq#19,63,103,42
yungang_aq#20,64,105,36
yungang_aq#21,71,97,29
yungang_aq#22,62,98,23
yungang_aq#23,70,95,33
yungang_aq#24,62,93,34
yungang_aq#25,70,97,45
yungang_aq#26,65,91,44
yungang_aq#27,62,92,70
yungang_aq#28,50,88,95
yungang_aq#29,69,87,97
yungang_aq#30,46,81,100
yungang_aq#31,68,88,106
yungang_aq#32,53,94,102
yungang_aq#33,76,94,99
yungang_aq#34,78,99,98
yungang_aq#35,81,110,84
yungang_aq#36,80,113,86
yungang_aq#37,74,107,85
yungang_aq#38,84,113,86
yungang_aq#39,85,116,71
yungang_aq#40,80,107,65
yungang_aq#41,77,110,56
yungang_aq#42,75,107,31
yungang_aq#43,46,73,26
yungang_aq#44,33,63,45
yungang_aq#45,25,62,54
yungang_aq#46,25,62,62
yungang_aq#47,33,64,78
gucheng_aq#0,69,114,25
gucheng_aq#1,87,122,27
gucheng_aq#2,85,115,39
gucheng_aq#3,89,108,51
gucheng_aq#4,89,99,61
gucheng_aq#5,96,99,60
gucheng_aq#6,87,89,60
gucheng_aq#7,91,101,52
gucheng_aq#8,90,100,43
gucheng_aq#9,96,106,50
gucheng_aq#10,99,110,49
gucheng_aq#11,101,135,56
gucheng_aq#12,101,133,42
gucheng_aq#13,101,139,40
gucheng_aq#14,100,145,33
gucheng_aq#15,98,147,31
gucheng_aq#16,105,149,36
gucheng_aq#17,97,134,43
gucheng_aq#18,91,119,50
gucheng_aq#19,94,118,35
gucheng_aq#20,80,122,29
gucheng_aq#21,80,116,27
gucheng_aq#22,78,115,28
gucheng_aq#23,82,113,34
gucheng_aq#24,77,114,35
gucheng_aq#25,73,120,54
gucheng_aq#26,75,120,62
gucheng_aq#27,74,112,62
gucheng_aq#28,73,100,84
gucheng_aq#29,77,104,92
gucheng_aq#30,77,93,101
gucheng_aq#31,82,96,107
gucheng_aq#32,75,93,111
gucheng_aq#33,77,91,101
gucheng_aq#34,77,91,95
gucheng_aq#35,77,112,94
gucheng_aq#36,80,116,85
gucheng_aq#37,84,117,81
gucheng_aq#38,93,119,70
gucheng_aq#39,101,118,71
gucheng_aq#40,86,109,74
gucheng_aq#41,98,101,71
gucheng_aq#42,87,101,30
gucheng_aq#43,60,66,21
gucheng_aq#44,34,46,43
gucheng_aq#45,33,60,62
gucheng_aq#46,30,53,66
gucheng_aq#47,28,51,68
fangshan_aq#0,41,106,17
fangshan_aq#1,43,107,23
fangshan_aq#2,43,110,31
fangshan_aq#3,47,98,34
fangshan_aq#4,44,92,38
fangshan_aq#5,41,94,52
fangshan_aq#6,43,88,55
fangshan_aq#7,49,84,60
fangshan_aq#8,38,79,56
fangshan_aq#9,35,71,57
fangshan_aq#10,38,79,54
fangshan_aq#11,34,72,49
fangshan_aq#12,39,78,50
fangshan_aq#13,43,84,50
fangshan_aq#14,41,86,47
fangshan_aq#15,47,101,48
fangshan_aq#16,47,104,44
fangshan_aq#17,47,87,57
fangshan_aq#18,47,92,59
fangshan_aq#19,42,91,39
fangshan_aq#20,40,92,34
fangshan_aq#21,40,92,37
fangshan_aq#22,41,94,40
fangshan_aq#23,40,93,40
fangshan_aq#24,38,102,43
fangshan_aq#25,40,113,47
fangshan_aq#26,41,92,51
fangshan_aq#27,45,105,79
fangshan_aq#28,62,115,99
fangshan_aq#29,41,95,108
fangshan_aq#30,41,97,111
fangshan_aq#31,43,97,115
fangshan_aq#32,50,99,113
fangshan_aq#33,50,99,107
fangshan_aq#34,64,103,107
fangshan_aq#35,65,118,104
fangshan_aq#36,66,116,107
fangshan_aq#37,69,126,101
fangshan_aq#38,70,123,80
fangshan_aq#39,70,113,70
fangshan_aq#40,65,110,59
fangshan_aq#41,58,103,52
fangshan_aq#42,57,115,48
fangshan_aq#43,52,107,32
fangshan_aq#44,50,85,37
fangshan_aq#45,46,79,31
fangshan_aq#46,46,82,49
fangshan_aq#47,47,83,71
daxing_aq#0,66,113,13
daxing_aq#1,63,106,22
daxing_aq#2,52,94,47
daxing_aq#3,50,86,46
daxing_aq#4,50,83,53
daxing_aq#5,50,72,61
daxing_aq#6,50,75,53
daxing_aq#7,49,80,46
daxing_aq#8,45,82,44
daxing_aq#9,45,84,39
daxing_aq#10,42,75,35
daxing_aq#11,46,72,36
daxing_aq#12,43,75,39
daxing_aq#13,43,82,38
daxing_aq#14,47,92,35
daxing_aq#15,48,103,33
daxing_aq#16,49,110,42
daxing_aq#17,51,108,40
daxing_aq#18,47,104,37
daxing_aq#19,61,104,33
daxing_aq#20,61,103,24
daxing_aq#21,49,95,22
daxing_aq#22,52,104,32
daxing_aq#23,50,105,51
daxing_aq#24,51,106,47
daxing_aq#25,63,114,34
daxing_aq#26,60,108,56
daxing_aq#27,58,104,83
daxing_aq#28,44,97,93
daxing_aq#29,48,115,100
daxing_aq#30,51,104,107
daxing_aq#31,58,110,109
daxing_aq#32,58,97,108
daxing_aq#33,58,99,105
daxing_aq#34,65,100,104
daxing_aq#35,67,118,102
daxing_aq#36,72,122,95
daxing_aq#37,69,122,97
daxing_aq#38,65,126,84
daxing_aq#39,62,124,71
daxing_aq#40,61,121,67
daxing_aq#41,54,109,59
daxing_aq#42,52,101,41
daxing_aq#43,59,101,23
daxing_aq#44,35,69,30
daxing_aq#45,45,62,26
daxing_aq#46,51,83,25
daxing_aq#47,55,89,26
yizhuang_aq#0,72,113,38
yizhuang_aq#1,67,112,49
yizhuang_aq#2,71,107,46
yizhuang_aq#3,72,104,55
yizhuang_aq#4,44,81,68
yizhuang_aq#5,48,75,64
yizhuang_aq#6,45,80,64
yizhuang_aq#7,44,71,68
yizhuang_aq#8,50,67,68
yizhuang_aq#9,41,61,63
yizhuang_aq#10,38,60,59
yizhuang_aq#11,34,72,59
yizhuang_aq#12,33,73,62
yizhuang_aq#13,36,75,54
yizhuang_aq#14,50,89,48
yizhuang_aq#15,55,97,43
yizhuang_aq#16,55,95,44
yizhuang_aq#17,50,106,50
yizhuang_aq#18,50,107,53
yizhuang_aq#19,50,108,48
yizhuang_aq#20,60,104,42
yizhuang_aq#21,65,104,43
yizhuang_aq#22,65,105,42
yizhuang_aq#23,68,105,44
yizhuang_aq#24,71,107,38
yizhuang_aq#25,75,107,43
yizhuang_aq#26,72,97,60
yizhuang_aq#27,60,92,74
yizhuang_aq#28,55,85,85
yizhuang_aq#29,51,89,89
yizhuang_aq#30,56,99,88
yizhuang_aq#31,62,99,89
yizhuang_aq#32,61,95,88
yizhuang_aq#33,60,93,94
yizhuang_aq#34,60,95,90
yizhuang_aq#35,67,105,85
yizhuang_aq#36,68,117,79
yizhuang_aq#37,68,108,75
yizhuang_aq#38,68,110,77
yizhuang_aq#39,66,109,73
yizhuang_aq#40,65,116,59
yizhuang_aq#41,66,127,62
yizhuang_aq#42,72,126,34
yizhuang_aq#43,60,112,19
yizhuang_aq#44,55,91,31
yizhuang_aq#45,47,69,31
yizhuang_aq#46,62,99,16
yizhuang_aq#47,56,100,23
tongzhou_aq#0,95,136,35
tongzhou_aq#1,81,129,42
tongzhou_aq#2,75,127,44
tongzhou_aq#3,71,93,56
tongzhou_aq#4,67,84,68
tongzhou_aq#5,68,86,74
tongzhou_aq#6,68,99,82
tongzhou_aq#7,69,100,82
tongzhou_aq#8,67,90,71
tongzhou_aq#9,65,88,69
tongzhou_aq#10,59,92,75
tongzhou_aq#11,59,79,82
tongzhou_aq#12,53,83,58
tongzhou_aq#13,55,111,53
tongzhou_aq#14,74,113,50
tongzhou_aq#15,75,109,49
tongzhou_aq#16,76,109,46
tongzhou_aq#17,72,106,52
tongzhou_aq#18,68,109,44
tongzhou_aq#19,67,117,42
tongzhou_aq#20,69,116,35
tongzhou_aq#21,66,116,31
tongzhou_aq#22,65,115,38
tongzhou_aq#23,67,115,44
tongzhou_aq#24,75,114,51
tongzhou_aq#25,73,116,56
tongzhou_aq#26,73,115,69
tongzhou_aq#27,64,117,84
tongzhou_aq#28,61,108,89
tongzhou_aq#29,59,102,93
tongzhou_aq#30,59,100,89
tongzhou_aq#31,47,96,89
tongzhou_aq#32,52,94,90
tongzhou_aq#33,65,101,89
tongzhou_aq#34,65,98,84
tongzhou_aq#35,71,107,80
tongzhou_aq#36,69,127,73
tongzhou_aq#37,72,119,73
tongzhou_aq#38,74,120,74
tongzhou_aq#39,75,118,70
tongzhou_aq#40,67,118,57
tongzhou_aq#41,66,118,49
tongzhou_aq#42,72,117,20
tongzhou_aq#43,60,106,0
tongzhou_aq#44,56,100,10
tongzhou_aq#45,62,94,5
tongzhou_aq#46,65,106,0
tongzhou_aq#47,78,108,0
shunyi_aq#0,66,87,53
shunyi_aq#1,68,87,54
shunyi_aq#2,68,80,88
shunyi_aq#3,60,69,69
shunyi_aq#4,53,58,73
shunyi_aq#5,53,59,75
shunyi_aq#6,50,68,72
shunyi_aq#7,47,65,70
shunyi_aq#8,49,61,68
shunyi_aq#9,45,56,64
shunyi_aq#10,37,48,68
shunyi_aq#11,23,47,66
shunyi_aq#12,23,47,68
shunyi_aq#13,29,57,56
shunyi_aq#14,57,72,32
shunyi_aq#15,64,87,30
shunyi_aq#16,67,88,50
shunyi_aq#17,66,87,59
shunyi_aq#18,72,92,61
shunyi_aq#19,78,98,51
shunyi_aq#20,81,98,44
shunyi_aq#21,83,96,45
shunyi_aq#22,89,98,47
shunyi_aq#23,86,91,45
shunyi_aq#24,85,93,49
shunyi_aq#25,82,95,54
shunyi_aq#26,82,92,72
shunyi_aq#27,67,88,89
shunyi_aq#28,56,87,90
shunyi_aq#29,56,82,93
shunyi_aq#30,51,76,92
shunyi_aq#31,46,78,93
shunyi_aq#32,50,77,100
shunyi_aq#33,50,78,100
shunyi_aq#34,51,80,95
shunyi_aq#35,54,81,94
shunyi_aq#36,68,97,93
shunyi_aq#37,64,96,96
shunyi_aq#38,65,97,86
shunyi_aq#39,63,97,83
shunyi_aq#40,63,98,83
shunyi_aq#41,60,94,74
shunyi_aq#42,64,92,49
shunyi_aq#43,45,87,51
shunyi_aq#44,45,81,57
shunyi_aq#45,54,79,35
shunyi_aq#46,74,82,30
shunyi_aq#47,73,86,19
pingchang_aq#0,77,116,67
pingchang_aq#1,78,116,73
pingchang_aq#2,80,112,68
pingchang_aq#3,83,107,79
pingchang_aq#4,78,104,75
pingchang_aq#5,86,106,84
pingchang_aq#6,89,108,79
pingchang_aq#7,88,100,72
pingchang_aq#8,90,101,75
pingchang_aq#9,89,108,74
pingchang_aq#10,87,109,70
pingchang_aq#11,91,105,70
pingchang_aq#12,86,115,70
pingchang_aq#13,77,107,56
pingchang_aq#14,85,108,56
pingchang_aq#15,84,111,55
pingchang_aq#16,82,107,56
pingchang_aq#17,76,114,62
pingchang_aq#18,79,112,59
pingchang_aq#19,80,112,49
pingchang_aq#20,78,109,40
pingchang_aq#21,81,108,37
pingchang_aq#22,78,108,38
pingchang_aq#23,78,106,40
pingchang_aq#24,80,111,57
pingchang_aq#25,79,105,66
pingchang_aq#26,80,106,75
pingchang_aq#27,79,101,80
pingchang_aq#28,78,97,80
pingchang_aq#29,78,97,88
pingchang_aq#30,75,96,89
pingchang_aq#31,78,98,92
pingchang_aq#32,76,87,94
pingchang_aq#33,77,91,92
pingchang_aq#34,76,90,87
pingchang_aq#35,79,93,89
pingchang_aq#36,82,91,78
pingchang_aq#37,77,91,79
pingchang_aq#38,75,88,72
pingchang_aq#39,78,86,74
pingchang_aq#40,78,85,66
pingchang_aq#41,77,91,60
pingchang_aq#42,80,84,48
pingchang_aq#43,43,50,43
pingchang_aq#44,31,38,41
pingchang_aq#45,27,36,47
pingchang_aq#46,23,36,59
pingchang_aq#47,15,36,63
mentougou_aq#0,43,72,44
mentougou_aq#1,43,69,50
mentougou_aq#2,45,75,60
mentougou_aq#3,59,77,61
mentougou_aq#4,61,79,59
mentougou_aq#5,67,66,63
mentougou_aq#6,52,61,69
mentougou_aq#7,47,61,70
mentougou_aq#8,47,53,66
mentougou_aq#9,48,58,68
mentougou_aq#10,46,57,66
mentougou_aq#11,56,88,61
mentougou_aq#12,44,91,57
mentougou_aq#13,53,103,53
mentougou_aq#14,61,102,55
mentougou_aq#15,63,97,54
mentougou_aq#16,56,98,61
mentougou_aq#17,57,93,67
mentougou_aq#18,53,81,69
mentougou_aq#19,53,82,71
mentougou_aq#20,54,78,62
mentougou_aq#21,55,77,54
mentougou_aq#22,53,78,55
mentougou_aq#23,54,79,51
mentougou_aq#24,51,80,56
mentougou_aq#25,50,80,60
mentougou_aq#26,63,96,71
mentougou_aq#27,59,95,75
mentougou_aq#28,53,98,84
mentougou_aq#29,56,97,92
mentougou_aq#30,54,91,94
mentougou_aq#31,53,92,103
mentougou_aq#32,48,78,100
mentougou_aq#33,47,82,92
mentougou_aq#34,48,79,89
mentougou_aq#35,50,88,94
mentougou_aq#36,69,85,95
mentougou_aq#37,64,89,89
mentougou_aq#38,64,93,91
mentougou_aq#39,64,98,88
mentougou_aq#40,67,100,90
mentougou_aq#41,54,99,82
mentougou_aq#42,53,91,48
mentougou_aq#43,52,69,42
mentougou_aq#44,22,55,70
mentougou_aq#45,21,53,78
mentougou_aq#46,24,55,75
mentougou_aq#47,21,54,76
pinggu_aq#0,51,73,61
pinggu_aq#1,49,74,67
pinggu_aq#2,49,79,68
pinggu_aq#3,54,76,75
pinggu_aq#4,48,64,80
pinggu_aq#5,51,69,89
pinggu_aq#6,41,62,96
pinggu_aq#7,49,68,99
pinggu_aq#8,42,60,102
pinggu_aq#9,26,47,92
pinggu_aq#10,21,40,88
pinggu_aq#11,27,43,71
pinggu_aq#12,26,48,76
pinggu_aq#13,46,65,87
pinggu_aq#14,50,74,82
pinggu_aq#15,50,72,85
pinggu_aq#16,50,67,77
pinggu_aq#17,50,67,77
pinggu_aq#18,63,71,80
pinggu_aq#19,55,70,82
pinggu_aq#20,58,68,80
pinggu_aq#21,58,68,76
pinggu_aq#22,58,68,72
pinggu_aq#23,64,71,74
pinggu_aq#24,55,68,72
pinggu_aq#25,55,71,75
pinggu_aq#26,59,77,74
pinggu_aq#27,47,72,97
pinggu_aq#28,44,82,100
pinggu_aq#29,44,82,99
pinggu_aq#30,67,80,106
pinggu_aq#31,53,66,98
pinggu_aq#32,61,79,103
pinggu_aq#33,54,73,105
pinggu_aq#34,47,65,107
pinggu_aq#35,47,71,115
pinggu_aq#36,55,75,112
pinggu_aq#37,55,77,107
pinggu_aq#38,52,67,92
pinggu_aq#39,49,62,78
pinggu_aq#40,45,57,71
pinggu_aq#41,45,56,70
pinggu_aq#42,46,52,60
pinggu_aq#43,55,37,55
pinggu_aq#44,55,35,44
pinggu_aq#45,54,39,31
pinggu_aq#46,62,42,34
pinggu_aq#47,48,58,27
huairou_aq#0,44,58,41
huairou_aq#1,42,60,44
huairou_aq#2,42,57,46
huairou_aq#3,43,62,60
huairou_aq#4,49,58,69
huairou_aq#5,55,52,70
huairou_aq#6,60,56,68
huairou_aq#7,57,58,65
huairou_aq#8,60,62,67
huairou_aq#9,62,60,65
huairou_aq#10,60,70,69
huairou_aq#11,53,70,63
huairou_aq#12,62,75,65
huairou_aq#13,61,71,69
huairou_aq#14,61,70,57
huairou_aq#15,62,67,55
huairou_aq#16,59,74,50
huairou_aq#17,72,89,56
huairou_aq#18,74,83,52
huairou_aq#19,76,80,46
huairou_aq#20,75,77,40
huairou_aq#21,75,76,38
huairou_aq#22,75,77,45
huairou_aq#23,75,83,44
huairou_aq#24,76,88,52
huairou_aq#25,76,97,51
huairou_aq#26,71,99,68
huairou_aq#27,74,98,81
huairou_aq#28,75,101,88
huairou_aq#29,76,99,94
huairou_aq#30,74,95,97
huairou_aq#31,75,96,101
huairou_aq#32,75,98,103
huairou_aq#33,75,98,112
huairou_aq#34,76,98,111
huairou_aq#35,75,119,102
huairou_aq#36,72,119,97
huairou_aq#37,68,105,93
huairou_aq#38,66,97,87
huairou_aq#39,59,97,85
huairou_aq#40,60,91,78
huairou_aq#41,67,88,69
huairou_aq#42,68,83,65
huairou_aq#43,65,83,46
huairou_aq#44,64,81,45
huairou_aq#45,59,80,47
huairou_aq#46,57,83,44
huairou_aq#47,28,53,49
miyun_aq#0,66,82,48
miyun_aq#1,74,83,48
miyun_aq#2,68,80,57
miyun_aq#3,70,82,83
miyun_aq#4,65,74,93
miyun_aq#5,65,79,97
miyun_aq#6,59,80,103
miyun_aq#7,57,89,102
miyun_aq#8,55,85,109
miyun_aq#9,60,77,88
miyun_aq#10,62,80,69
miyun_aq#11,66,84,62
miyun_aq#12,65,78,64
miyun_aq#13,62,80,55
miyun_aq#14,75,90,52
miyun_aq#15,67,93,47
miyun_aq#16,67,90,57
miyun_aq#17,68,87,44
miyun_aq#18,69,80,45
miyun_aq#19,71,84,45
miyun_aq#20,70,84,40
miyun_aq#21,70,86,38
miyun_aq#22,68,88,38
miyun_aq#23,71,90,43
miyun_aq#24,69,89,44
miyun_aq#25,72,91,49
miyun_aq#26,73,99,61
miyun_aq#27,70,99,76
miyun_aq#28,70,91,89
miyun_aq#29,72,95,99
miyun_aq#30,75,89,102
miyun_aq#31,77,90,109
miyun_aq#32,82,93,111
miyun_aq#33,80,88,111
miyun_aq#34,81,95,109
miyun_aq#35,75,105,100
miyun_aq#36,75,107,89
miyun_aq#37,79,107,96
miyun_aq#38,78,101,99
miyun_aq#39,69,102,93
miyun_aq#40,68,97,76
miyun_aq#41,71,99,55
miyun_aq#42,73,94,39
miyun_aq#43,71,97,18
miyun_aq#44,71,94,17
miyun_aq#45,74,93,40
miyun_aq#46,76,93,38
miyun_aq#47,67,96,35
yanqin_aq#0,33,62,59
yanqin_aq#1,31,65,59
yanqin_aq#2,31,71,60
yanqin_aq#3,33,71,63
yanqin_aq#4,30,76,80
yanqin_aq#5,32,73,96
yanqin_aq#6,33,73,78
yanqin_aq#7,32,72,66
yanqin_aq#8,31,70,73
yanqin_aq#9,29,70,67
yanqin_aq#10,29,68,59
yanqin_aq#11,29,71,61
yanqin_aq#12,30,70,65
yanqin_aq#13,30,66,65
yanqin_aq#14,30,57,72
yanqin_aq#15,28,62,65
yanqin_aq#16,22,59,69
yanqin_aq#17,29,68,70
yanqin_aq#18,26,59,71
yanqin_aq#19,24,70,62
yanqin_aq#20,23,68,65
yanqin_aq#21,26,67,62
yanqin_aq#22,27,67,58
yanqin_aq#23,28,62,54
yanqin_aq#24,27,74,59
yanqin_aq#25,32,75,72
yanqin_aq#26,33,73,78
yanqin_aq#27,48,83,80
yanqin_aq#28,49,77,87
yanqin_aq#29,50,74,88
yanqin_aq#30,63,84,94
yanqin_aq#31,60,85,93
yanqin_aq#32,55,93,92
yanqin_aq#33,59,99,104
yanqin_aq#34,59,100,101
yanqin_aq#35,56,105,93
yanqin_aq#36,53,98,93
yanqin_aq#37,57,103,87
yanqin_aq#38,60,104,74
yanqin_aq#39,75,107,65
yanqin_aq#40,77,115,50
yanqin_aq#41,58,98,24
yanqin_aq#42,47,92,20
yanqin_aq#43,39,89,26
yanqin_aq#44,33,76,50
yanqin_aq#45,32,74,79
yanqin_aq#46,26,77,79
yanqin_aq#47,28,77,82
dingling_aq#0,57,61,60
dingling_aq#1,53,80,57
dingling_aq#2,55,82,69
dingling_aq#3,56,82,70
dingling_aq#4,59,91,67
dingling_aq#5,61,94,68
dingling_aq#6,58,90,75
dingling_aq#7,48,84,70
dingling_aq#8,49,80,76
dingling_aq#9,47,89,71
dingling_aq#10,54,82,76
dingling_aq#11,63,87,76
dingling_aq#12,59,88,75
dingling_aq#13,62,86,65
dingling_aq#14,67,96,60
dingling_aq#15,70,91,56
dingling_aq#16,69,87,58
dingling_aq#17,69,74,55
dingling_aq#18,68,66,53
dingling_aq#19,70,63,47
dingling_aq#20,75,62,45
dingling_aq#21,75,66,42
dingling_aq#22,75,64,44
dingling_aq#23,75,66,46
dingling_aq#24,76,71,61
dingling_aq#25,77,78,60
dingling_aq#26,81,75,71
dingling_aq#27,83,84,72
dingling_aq#28,79,87,76
dingling_aq#29,82,98,82
dingling_aq#30,71,91,84
dingling_aq#31,73,92,91
dingling_aq#32,70,83,91
dingling_aq#33,72,84,90
dingling_aq#34,76,91,88
dingling_aq#35,74,91,84
dingling_aq#36,80,98,87
dingling_aq#37,78,69,87
dingling_aq#38,79,79,83
dingling_aq#39,79,70,76
dingling_aq#40,80,79,73
dingling_aq#41,80,92,71
dingling_aq#42,78,94,55
dingling_aq#43,42,45,48
dingling_aq#44,37,42,61
dingling_aq#45,23,37,65
dingling_aq#46,21,37,72
dingling_aq#47,24,47,78
badaling_aq#0,69,74,74
badaling_aq#1,65,86,77
badaling_aq#2,64,86,80
badaling_aq#3,75,90,87
badaling_aq#4,73,83,96
badaling_aq#5,75,89,104
badaling_aq#6,70,89,90
badaling_aq#7,71,90,98
badaling_aq#8,76,91,77
badaling_aq#9,73,101,73
badaling_aq#10,81,117,68
badaling_aq#11,77,115,66
badaling_aq#12,79,112,58
badaling_aq#13,80,123,54
badaling_aq#14,70,100,50
badaling_aq#15,72,95,46
badaling_aq#16,66,91,46
badaling_aq#17,66,96,34
badaling_aq#18,65,83,34
badaling_aq#19,68,84,46
badaling_aq#20,68,86,40
badaling_aq#21,72,82,39
badaling_aq#22,72,86,40
badaling_aq#23,68,90,42
badaling_aq#24,64,98,60
badaling_aq#25,65,99,78
badaling_aq#26,63,116,83
badaling_aq#27,66,118,82
badaling_aq#28,64,116,86
badaling_aq#29,63,117,87
badaling_aq#30,64,112,87
badaling_aq#31,63,109,89
badaling_aq#32,63,113,90
badaling_aq#33,65,116,82
badaling_aq#34,71,114,69
badaling_aq#35,65,125,65
badaling_aq#36,65,121,61
badaling_aq#37,65,120,62
badaling_aq#38,71,116,55
badaling_aq#39,70,117,49
badaling_aq#40,74,132,36
badaling_aq#41,77,130,18
badaling_aq#42,57,107,16
badaling_aq#43,42,75,37
badaling_aq#44,25,71,43
badaling_aq#45,21,68,59
badaling_aq#46,14,69,60
badaling_aq#47,11,66,72
miyunshuik_aq#0,52,70,76
miyunshuik_aq#1,49,72,80
miyunshuik_aq#2,49,73,77
miyunshuik_aq#3,50,80,76
miyunshuik_aq#4,49,79,85
miyunshuik_aq#5,52,77,100
miyunshuik_aq#6,51,78,101
miyunshuik_aq#7,51,79,108
miyunshuik_aq#8,50,79,122
miyunshuik_aq#9,49,77,100
miyunshuik_aq#10,50,77,101
miyunshuik_aq#11,46,71,91
miyunshuik_aq#12,39,57,94
miyunshuik_aq#13,41,61,81
miyunshuik_aq#14,52,63,82
miyunshuik_aq#15,58,68,85
miyunshuik_aq#16,58,69,85
miyunshuik_aq#17,60,69,78
miyunshuik_aq#18,65,72,75
miyunshuik_aq#19,67,73,73
miyunshuik_aq#20,69,72,75
miyunshuik_aq#21,66,75,67
miyunshuik_aq#22,57,74,68
miyunshuik_aq#23,60,76,75
miyunshuik_aq#24,56,75,71
miyunshuik_aq#25,56,75,76
miyunshuik_aq#26,54,79,92
miyunshuik_aq#27,53,84,102
miyunshuik_aq#28,54,88,108
miyunshuik_aq#29,55,86,112
miyunshuik_aq#30,59,83,112
miyunshuik_aq#31,58,86,111
miyunshuik_aq#32,59,82,114
miyunshuik_aq#33,60,82,115
miyunshuik_aq#34,60,83,112
miyunshuik_aq#35,60,77,106
miyunshuik_aq#36,60,73,106
miyunshuik_aq#37,58,78,101
miyunshuik_aq#38,53,75,91
miyunshuik_aq#39,56,73,92
miyunshuik_aq#40,57,72,75
miyunshuik_aq#41,63,72,68
miyunshuik_aq#42,71,75,62
miyunshuik_aq#43,69,76,63
miyunshuik_aq#44,68,76,69
miyunshuik_aq#45,66,72,68
miyunshuik_aq#46,65,73,78
miyunshuik_aq#47,58,52,67
donggaocun_aq#0,55,80,52
donggaocun_aq#1,57,87,52
donggaocun_aq#2,54,89,58
donggaocun_aq#3,52,83,62
donggaocun_aq#4,47,75,73
donggaocun_aq#5,55,68,83
donggaocun_aq#6,44,65,79
donggaocun_aq#7,43,67,84
donggaocun_aq#8,39,56,77
donggaocun_aq#9,40,63,80
donggaocun_aq#10,14,26,65
donggaocun_aq#11,17,27,66
donggaocun_aq#12,17,33,64
donggaocun_aq#13,42,72,61
donggaocun_aq#14,47,72,60
donggaocun_aq#15,52,77,68
donggaocun_aq#16,51,76,61
donggaocun_aq#17,49,76,61
donggaocun_aq#18,67,81,57
donggaocun_aq#19,53,74,58
donggaocun_aq#20,53,70,54
donggaocun_aq#21,55,70,52
donggaocun_aq#22,57,71,55
donggaocun_aq#23,68,79,56
donggaocun_aq#24,54,75,55
donggaocun_aq#25,56,74,62
donggaocun_aq#26,54,77,64
donggaocun_aq#27,52,82,66
donggaocun_aq#28,48,80,70
donggaocun_aq#29,57,80,77
donggaocun_aq#30,61,81,81
donggaocun_aq#31,51,65,77
donggaocun_aq#32,60,74,82
donggaocun_aq#33,46,64,80
donggaocun_aq#34,46,67,80
donggaocun_aq#35,51,74,77
donggaocun_aq#36,64,79,76
donggaocun_aq#37,55,65,73
donggaocun_aq#38,48,68,61
donggaocun_aq#39,57,72,60
donggaocun_aq#40,58,74,60
donggaocun_aq#41,62,76,59
donggaocun_aq#42,64,76,56
donggaocun_aq#43,45,63,49
donggaocun_aq#44,47,60,36
donggaocun_aq#45,48,64,21
donggaocun_aq#46,76,71,32
donggaocun_aq#47,64,75,29
yongledian_aq#0,58,100,16
yongledian_aq#1,70,103,50
yongledian_aq#2,59,101,56
yongledian_aq#3,62,102,56
yongledian_aq#4,53,103,73
yongledian_aq#5,50,104,73
yongledian_aq#6,45,101,69
yongledian_aq#7,51,94,72
yongledian_aq#8,47,87,68
yongledian_aq#9,44,87,71
yongledian_aq#10,37,84,69
yongledian_aq#11,38,91,55
yongledian_aq#12,40,92,43
yongledian_aq#13,48,93,33
yongledian_aq#14,50,104,32
yongledian_aq#15,45,101,46
yongledian_aq#16,46,102,38
yongledian_aq#17,45,101,27
yongledian_aq#18,51,109,21
yongledian_aq#19,65,107,23
yongledian_aq#20,61,98,38
yongledian_aq#21,60,100,40
yongledian_aq#22,54,99,42
yongledian_aq#23,59,100,44
yongledian_aq#24,62,102,31
yongledian_aq#25,66,113,46
yongledian_aq#26,68,102,71
yongledian_aq#27,61,102,80
yongledian_aq#28,55,102,88
yongledian_aq#29,57,99,92
yongledian_aq#30,52,104,93
yongledian_aq#31,44,101,94
yongledian_aq#32,52,103,92
yongledian_aq#33,53,102,89
yongledian_aq#34,58,101,84
yongledian_aq#35,60,106,80
yongledian_aq#36,62,116,73
yongledian_aq#37,60,117,66
yongledian_aq#38,53,112,60
yongledian_aq#39,53,117,62
yongledian_aq#40,59,113,53
yongledian_aq#41,59,112,26
yongledian_aq#42,62,110,3
yongledian_aq#43,62,95,0
yongledian_aq#44,61,92,0
yongledian_aq#45,67,75,0
yongledian_aq#46,64,88,0
yongledian_aq#47,64,92,1
yufa_aq#0,49,85,13
yufa_aq#1,48,86,12
yufa_aq#2,48,87,17
yufa_aq#3,50,88,19
yufa_aq#4,56,86,24
yufa_aq#5,43,76,35
yufa_aq#6,38,68,30
yufa_aq#7,38,65,40
yufa_aq#8,35,62,41
yufa_aq#9,33,59,40
yufa_aq#10,30,59,41
yufa_aq#11,30,63,38
yufa_aq#12,29,60,39
yufa_aq#13,39,83,35
yufa_aq#14,42,81,36
yufa_aq#15,45,82,37
yufa_aq#16,45,85,33
yufa_aq#17,49,85,30
yufa_aq#18,46,84,22
yufa_aq#19,48,85,11
yufa_aq#20,48,87,21
yufa_aq#21,49,88,18
yufa_aq#22,43,84,30
yufa_aq#23,47,85,26
yufa_aq#24,51,89,21
yufa_aq#25,56,96,24
yufa_aq#26,61,99,40
yufa_aq#27,59,102,80
yufa_aq#28,60,106,89
yufa_aq#29,56,91,93
yufa_aq#30,61,93,95
yufa_aq#31,72,103,97
yufa_aq#32,71,98,93
yufa_aq#33,66,99,92
yufa_aq#34,59,104,82
yufa_aq#35,61,108,69
yufa_aq#36,60,90,63
yufa_aq#37,51,81,63
yufa_aq#38,52,79,60
yufa_aq#39,51,80,57
yufa_aq#40,57,87,56
yufa_aq#41,60,89,57
yufa_aq#42,62,100,50
yufa_aq#43,64,102,49
yufa_aq#44,62,101,49
yufa_aq#45,67,103,31
yufa_aq#46,65,101,28
yufa_aq#47,63,94,40
liulihe_aq#0,57,103,31
liulihe_aq#1,48,103,34
liulihe_aq#2,51,109,31
liulihe_aq#3,50,101,41
liulihe_aq#4,52,100,49
liulihe_aq#5,41,94,58
liulihe_aq#6,48,91,58
liulihe_aq#7,34,92,64
liulihe_aq#8,36,78,55
liulihe_aq#9,32,79,65
liulihe_aq#10,30,82,64
liulihe_aq#11,32,80,47
liulihe_aq#12,36,83,49
liulihe_aq#13,39,88,47
liulihe_aq#14,36,99,49
liulihe_aq#15,36,108,48
liulihe_aq#16,43,109,56
liulihe_aq#17,48,105,43
liulihe_aq#18,48,101,47
liulihe_aq#19,40,94,42
liulihe_aq#20,41,94,31
liulihe_aq#21,40,79,33
liulihe_aq#22,44,77,35
liulihe_aq#23,49,93,34
liulihe_aq#24,50,107,48
liulihe_aq#25,77,107,49
liulihe_aq#26,81,104,61
liulihe_aq#27,53,105,63
liulihe_aq#28,46,105,92
liulihe_aq#29,41,95,97
liulihe_aq#30,42,95,100
liulihe_aq#31,43,97,96
liulihe_aq#32,49,94,97
liulihe_aq#33,56,102,96
liulihe_aq#34,69,93,95
liulihe_aq#35,57,90,74
liulihe_aq#36,78,94,66
liulihe_aq#37,74,91,65
liulihe_aq#38,74,93,53
liulihe_aq#39,70,91,56
liulihe_aq#40,67,77,60
liulihe_aq#41,67,81,61
liulihe_aq#42,75,82,42
liulihe_aq#43,76,85,23
liulihe_aq#44,74,80,25
liulihe_aq#45,68,76,17
liulihe_aq#46,62,77,30
liulihe_aq#47,60,83,41
qianmen_aq#0,67,100,18
qianmen_aq#1,66,96,25
qianmen_aq#2,60,97,40
qianmen_aq#3,56,97,44
qianmen_aq#4,55,93,45
qianmen_aq#5,51,88,52
qianmen_aq#6,51,85,59
qianmen_aq#7,46,75,45
qianmen_aq#8,50,76,40
qianmen_aq#9,43,76,41
qianmen_aq#10,44,74,47
qianmen_aq#11,50,75,46
qianmen_aq#12,42,73,47
qianmen_aq#13,50,75,51
qianmen_aq#14,59,89,41
qianmen_aq#15,61,101,31
qianmen_aq#16,62,89,38
qianmen_aq#17,73,88,53
qianmen_aq#18,73,91,47
qianmen_aq#19,71,87,38
qianmen_aq#20,73,86,38
qianmen_aq#21,76,88,38
qianmen_aq#22,74,90,35
qianmen_aq#23,75,92,40
qianmen_aq#24,74,93,33
qianmen_aq#25,77,92,32
qianmen_aq#26,75,88,36
qianmen_aq#27,73,90,62
qianmen_aq#28,53,79,74
qianmen_aq#29,47,80,79
qianmen_aq#30,40,77,90
qianmen_aq#31,45,80,93
qianmen_aq#32,51,79,96
qianmen_aq#33,52,79,88
qianmen_aq#34,67,84,81
qianmen_aq#35,67,106,79
qianmen_aq#36,68,110,77
qianmen_aq#37,67,106,73
qianmen_aq#38,69,100,73
qianmen_aq#39,70,103,67
qianmen_aq#40,67,104,57
qianmen_aq#41,66,103,51
qianmen_aq#42,69,103,24
qianmen_aq#43,61,73,18
qianmen_aq#44,38,46,44
qianmen_aq#45,24,39,46
qianmen_aq#46,38,45,36
qianmen_aq#47,38,46,41
yongdingme_aq#0,63,90,14
yongdingme_aq#1,58,89,21
yongdingme_aq#2,58,87,27
yongdingme_aq#3,56,93,41
yongdingme_aq#4,54,85,46
yongdingme_aq#5,54,81,50
yongdingme_aq#6,57,74,43
yongdingme_aq#7,46,81,37
yongdingme_aq#8,45,75,38
yongdingme_aq#9,44,73,37
yongdingme_aq#10,50,74,46
yongdingme_aq#11,48,70,41
yongdingme_aq#12,42,79,37
yongdingme_aq#13,50,81,29
yongdingme_aq#14,55,100,26
yongdingme_aq#15,56,101,15
yongdingme_aq#16,52,100,19
yongdingme_aq#17,65,100,33
yongdingme_aq#18,72,105,45
yongdingme_aq#19,68,99,34
yongdingme_aq#20,62,102,25
yongdingme_aq#21,71,103,22
yongdingme_aq#22,70,105,23
yongdingme_aq#23,67,99,18
yongdingme_aq#24,70,104,16
yongdingme_aq#25,75,102,13
yongdingme_aq#26,72,93,22
yongdingme_aq#27,68,88,61
yongdingme_aq#28,41,82,76
yongdingme_aq#29,43,85,93
yongdingme_aq#30,45,97,95
yongdingme_aq#31,52,92,95
yongdingme_aq#32,55,94,93
yongdingme_aq#33,55,97,91
yongdingme_aq#34,64,95,87
yongdingme_aq#35,66,114,79
yongdingme_aq#36,65,112,76
yongdingme_aq#37,70,117,67
yongdingme_aq#38,72,114,65
yongdingme_aq#39,71,113,65
yongdingme_aq#40,70,112,63
yongdingme_aq#41,68,110,54
yongdingme_aq#42,69,109,20
yongdingme_aq#43,54,79,7
yongdingme_aq#44,30,57,47
yongdingme_aq#45,23,46,55
yongdingme_aq#46,33,58,48
yongdingme_aq#47,30,63,51
xizhimenbe_aq#0,71,91,28
xizhimenbe_aq#1,72,101,42
xizhimenbe_aq#2,57,100,51
xizhimenbe_aq#3,57,99,54
xizhimenbe_aq#4,54,97,57
xizhimenbe_aq#5,54,103,62
xizhimenbe_aq#6,46,92,59
xizhimenbe_aq#7,44,91,51
xizhimenbe_aq#8,47,90,57
xizhimenbe_aq#9,48,88,52
xizhimenbe_aq#10,45,83,48
xizhimenbe_aq#11,55,85,48
xizhimenbe_aq#12,53,92,51
xizhimenbe_aq#13,54,104,51
xizhimenbe_aq#14,61,105,46
xizhimenbe_aq#15,62,111,46
xizhimenbe_aq#16,65,115,49
xizhimenbe_aq#17,57,117,40
xizhimenbe_aq#18,53,110,38
xizhimenbe_aq#19,61,99,38
xizhimenbe_aq#20,63,98,33
xizhimenbe_aq#21,63,97,32
xizhimenbe_aq#22,65,98,29
xizhimenbe_aq#23,64,99,28
xizhimenbe_aq#24,69,100,27
xizhimenbe_aq#25,68,103,45
xizhimenbe_aq#26,69,109,45
xizhimenbe_aq#27,66,106,49
xizhimenbe_aq#28,63,104,57
xizhimenbe_aq#29,62,106,55
xizhimenbe_aq#30,67,111,63
xizhimenbe_aq#31,68,111,65
xizhimenbe_aq#32,70,109,66
xizhimenbe_aq#33,73,117,57
xizhimenbe_aq#34,73,115,56
xizhimenbe_aq#35,85,120,55
xizhimenbe_aq#36,85,130,53
xizhimenbe_aq#37,84,127,52
xizhimenbe_aq#38,86,122,43
xizhimenbe_aq#39,84,119,52
xizhimenbe_aq#40,84,119,50
xizhimenbe_aq#41,81,119,37
xizhimenbe_aq#42,85,116,24
xizhimenbe_aq#43,84,110,22
xizhimenbe_aq#44,23,68,28
xizhimenbe_aq#45,22,73,45
xizhimenbe_aq#46,24,71,43
xizhimenbe_aq#47,25,74,51
nansanhuan_aq#0,66,114,17
nansanhuan_aq#1,62,113,18
nansanhuan_aq#2,62,108,35
nansanhuan_aq#3,62,101,39
nansanhuan_aq#4,62,95,41
nansanhuan_aq#5,60,94,46
nansanhuan_aq#6,54,88,45
nansanhuan_aq#7,46,81,39
nansanhuan_aq#8,50,81,37
nansanhuan_aq#9,48,81,36
nansanhuan_aq#10,65,92,35
nansanhuan_aq#11,63,89,36
nansanhuan_aq#12,59,93,38
nansanhuan_aq#13,64,94,35
nansanhuan_aq#14,66,115,41
nansanhuan_aq#15,66,115,23
nansanhuan_aq#16,67,112,29
nansanhuan_aq#17,71,117,35
nansanhuan_aq#18,73,115,34
nansanhuan_aq#19,72,113,25
nansanhuan_aq#20,70,114,23
nansanhuan_aq#21,70,114,23
nansanhuan_aq#22,70,108,20
nansanhuan_aq#23,70,112,24
nansanhuan_aq#24,70,113,23
nansanhuan_aq#25,73,109,22
nansanhuan_aq#26,76,111,30
nansanhuan_aq#27,76,100,47
nansanhuan_aq#28,55,91,58
nansanhuan_aq#29,53,106,63
nansanhuan_aq#30,54,95,69
nansanhuan_aq#31,64,98,69
nansanhuan_aq#32,57,97,69
nansanhuan_aq#33,57,94,70
nansanhuan_aq#34,62,97,68
nansanhuan_aq#35,67,111,65
nansanhuan_aq#36,70,111,66
nansanhuan_aq#37,70,102,59
nansanhuan_aq#38,68,108,48
nansanhuan_aq#39,68,109,47
nansanhuan_aq#40,65,109,41
nansanhuan_aq#41,66,111,34
nansanhuan_aq#42,71,109,11
nansanhuan_aq#43,51,81,5
nansanhuan_aq#44,40,55,24
nansanhuan_aq#45,33,49,30
nansanhuan_aq#46,42,53,21
nansanhuan_aq#47,42,61,19
dongsihuan_aq#0,64,103,16
dongsihuan_aq#1,53,94,21
dongsihuan_aq#2,50,101,32
dongsihuan_aq#3,49,89,40
dongsihuan_aq#4,49,78,47
dongsihuan_aq#5,62,76,37
dongsihuan_aq#6,58,83,40
dongsihuan_aq#7,52,88,25
dongsihuan_aq#8,54,87,27
dongsihuan_aq#9,53,91,26
dongsihuan_aq#10,51,100,20
dongsihuan_aq#11,53,98,22
dongsihuan_aq#12,59,100,21
dongsihuan_aq#13,59,93,18
dongsihuan_aq#14,63,103,19
dongsihuan_aq#15,69,106,7
dongsihuan_aq#16,67,106,24
dongsihuan_aq#17,65,110,27
dongsihuan_aq#18,71,116,21
dongsihuan_aq#19,62,112,10
dongsihuan_aq#20,62,114,10
dongsihuan_aq#21,64,113,10
dongsihuan_aq#22,71,113,12
dongsihuan_aq#23,72,114,15
dongsihuan_aq#24,69,115,29
dongsihuan_aq#25,76,117,27
dongsihuan_aq#26,68,114,34
dongsihuan_aq#27,62,103,63
dongsihuan_aq#28,55,93,69
dongsihuan_aq#29,51,91,73
dongsihuan_aq#30,55,93,73
dongsihuan_aq#31,57,92,75
dongsihuan_aq#32,63,101,80
dongsihuan_aq#33,59,94,85
dongsihuan_aq#34,80,98,85
dongsihuan_aq#35,74,114,85
dongsihuan_aq#36,72,117,80
dongsihuan_aq#37,68,118,72
dongsihuan_aq#38,73,116,68
dongsihuan_aq#39,77,115,55
dongsihuan_aq#40,71,121,46
dongsihuan_aq#41,81,124,31
dongsihuan_aq#42,84,129,2
dongsihuan_aq#43,70,135,0
dongsihuan_aq#44,36,71,20
dongsihuan_aq#45,66,109,8
dongsihuan_aq#46,68,120,1
dongsihuan_aq#47,68,127,2
CD1#0,20,31,0
CD1#1,21,30,0
CD1#2,20,30,0
CD1#3,20,29,0
CD1#4,20,28,0
CD1#5,20,30,0
CD1#6,21,32,0
CD1#7,21,33,0
CD1#8,23,34,0
CD1#9,22,35,0
CD1#10,23,36,0
CD1#11,23,32,0
CD1#12,24,31,0
CD1#13,21,31,0
CD1#14,19,33,0
CD1#15,16,29,0
CD1#16,17,29,0
CD1#17,17,28,0
CD1#18,18,28,0
CD1#19,16,28,0
CD1#20,17,29,0
CD1#21,19,29,0
CD1#22,19,29,0
CD1#23,19,29,0
CD1#24,20,28,0
CD1#25,18,28,0
CD1#26,20,27,0
CD1#27,20,26,0
CD1#28,19,28,0
CD1#29,19,29,0
CD1#30,19,29,0
CD1#31,18,29,0
CD1#32,22,33,0
CD1#33,21,32,0
CD1#34,21,32,0
CD1#35,22,31,0
CD1#36,22,33,0
CD1#37,21,32,0
CD1#38,21,31,0
CD1#39,21,31,0
CD1#40,19,32,0
CD1#41,19,32,0
CD1#42,20,32,0
CD1#43,21,31,0
CD1#44,20,34,0
CD1#45,21,33,0
CD1#46,19,36,0
CD1#47,19,31,0
BL0#0,13,23,0
BL0#1,13,24,0
BL0#2,13,25,0
BL0#3,12,24,0
BL0#4,12,23,0
BL0#5,13,24,0
BL0#6,13,24,0
BL0#7,13,23,0
BL0#8,12,23,0
BL0#9,11,22,0
BL0#10,10,22,0
BL0#11,10,21,0
BL0#12,10,21,0
BL0#13,9,22,0
BL0#14,9,21,0
BL0#15,10,22,0
BL0#16,9,23,0
BL0#17,9,22,0
BL0#18,9,22,0
BL0#19,9,22,0
BL0#20,10,22,0
BL0#21,10,22,0
BL0#22,11,22,0
BL0#23,11,22,0
BL0#24,12,23,0
BL0#25,11,24,0
BL0#26,11,22,0
BL0#27,12,22,0
BL0#28,13,22,0
BL0#29,12,22,0
BL0#30,15,22,0
BL0#31,16,21,0
BL0#32,17,26,0
BL0#33,14,24,0
BL0#34,14,25,0
BL0#35,15,23,0
BL0#36,15,25,0
BL0#37,15,24,0
BL0#38,15,24,0
BL0#39,14,24,0
BL0#40,12,25,0
BL0#41,12,25,0
BL0#42,13,25,0
BL0#43,14,27,0
BL0#44,14,26,0
BL0#45,13,28,0
BL0#46,11,26,0
BL0#47,9,23,0
GR4#0,17,25,0
GR4#1,16,27,0
GR4#2,16,26,0
GR4#3,16,24,0
GR4#4,17,24,0
GR4#5,17,25,0
GR4#6,19,26,0
GR4#7,19,26,0
GR4#8,18,26,0
GR4#9,18,27,0
GR4#10,18,25,0
GR4#11,17,26,0
GR4#12,16,25,0
GR4#13,16,26,0
GR4#14,15,25,0
GR4#15,14,25,0
GR4#16,13,25,0
GR4#17,13,25,0
GR4#18,13,25,0
GR4#19,13,24,0
GR4#20,13,24,0
GR4#21,14,24,0
GR4#22,15,26,0
GR4#23,17,28,0
GR4#24,15,27,0
GR4#25,16,27,0
GR4#26,15,25,0
GR4#27,14,25,0
GR4#28,15,24,0
GR4#29,15,24,0
GR4#30,14,24,0
GR4#31,12,24,0
GR4#32,15,25,0
GR4#33,15,26,0
GR4#34,14,26,0
GR4#35,15,27,0
GR4#36,12,26,0
GR4#37,12,25,0
GR4#38,12,23,0
GR4#39,13,24,0
GR4#40,13,23,0
GR4#41,12,23,0
GR4#42,12,24,0
GR4#43,15,25,0
GR4#44,14,26,0
GR4#45,15,26,0
GR4#46,16,23,0
GR4#47,16,20,0
MY7#0,18,30,0
MY7#1,18,29,0
MY7#2,17,26,0
MY7#3,16,25,0
MY7#4,17,25,0
MY7#5,18,27,0
MY7#6,20,30,0
MY7#7,19,30,0
MY7#8,19,30,0
MY7#9,19,31,0
MY7#10,19,29,0
MY7#11,19,28,0
MY7#12,18,27,0
MY7#13,17,26,0
MY7#14,18,27,0
MY7#15,16,27,0
MY7#16,17,26,0
MY7#17,17,26,0
MY7#18,17,24,0
MY7#19,15,27,0
MY7#20,16,25,0
MY7#21,15,25,0
MY7#22,17,26,0
MY7#23,18,26,0
MY7#24,18,29,0
MY7#25,17,27,0
MY7#26,18,27,0
MY7#27,17,26,0
MY7#28,18,25,0
MY7#29,18,25,0
MY7#30,18,25,0
MY7#31,18,26,0
MY7#32,21,29,0
MY7#33,19,29,0
MY7#34,18,29,0
MY7#35,17,26,0
MY7#36,17,24,0
MY7#37,17,25,0
MY7#38,16,24,0
MY7#39,16,25,0
MY7#40,16,27,0
MY7#41,17,27,0
MY7#42,17,28,0
MY7#43,18,29,0
MY7#44,20,24,0
MY7#45,18,23,0
MY7#46,15,21,0
MY7#47,14,17,0
HV1#0,15,21,0
HV1#1,17,22,0
HV1#2,18,23,0
HV1#3,17,22,0
HV1#4,17,20,0
HV1#5,17,18,0
HV1#6,18,19,0
HV1#7,18,19,0
HV1#8,16,19,0
HV1#9,14,19,0
HV1#10,13,18,0
HV1#11,12,16,0
HV1#12,12,14,0
HV1#13,11,15,0
HV1#14,11,14,0
HV1#15,11,17,0
HV1#16,11,16,0
HV1#17,9,13,0
HV1#18,10,13,0
HV1#19,11,15,0
HV1#20,11,16,0
HV1#21,11,15,0
HV1#22,10,15,0
HV1#23,10,15,0
HV1#24,12,18,0
HV1#25,12,18,0
HV1#26,12,17,0
HV1#27,12,17,0
HV1#28,12,16,0
HV1#29,10,14,0
HV1#30,9,15,0
HV1#31,9,16,0
HV1#32,9,15,0
HV1#33,8,18,0
HV1#34,8,17,0
HV1#35,8,16,0
HV1#36,8,15,0
HV1#37,8,16,0
HV1#38,8,17,0
HV1#39,9,17,0
HV1#40,8,15,0
HV1#41,9,16,0
HV1#42,9,16,0
HV1#43,9,14,0
HV1#44,11,14,0
HV1#45,11,14,0
HV1#46,11,13,0
HV1#47,10,13,0
GN3#0,20,36,0
GN3#1,20,37,0
GN3#2,19,37,0
GN3#3,19,37,0
GN3#4,20,36,0
GN3#5,20,36,0
GN3#6,22,35,0
GN3#7,22,35,0
GN3#8,19,30,0
GN3#9,18,30,0
GN3#10,17,31,0
GN3#11,16,28,0
GN3#12,15,27,0
GN3#13,14,25,0
GN3#14,13,24,0
GN3#15,13,24,0
GN3#16,17,24,0
GN3#17,14,24,0
GN3#18,14,25,0
GN3#19,16,25,0
GN3#20,16,29,0
GN3#21,16,33,0
GN3#22,17,31,0
GN3#23,18,33,0
GN3#24,19,33,0
GN3#25,19,33,0
GN3#26,17,31,0
GN3#27,17,29,0
GN3#28,17,27,0
GN3#29,17,28,0
GN3#30,15,30,0
GN3#31,17,29,0
GN3#32,18,32,0
GN3#33,17,26,0
GN3#34,15,25,0
GN3#35,15,25,0
GN3#36,15,24,0
GN3#37,14,21,0
GN3#38,15,22,0
GN3#39,17,22,0
GN3#40,15,23,0
GN3#41,16,24,0
GN3#42,16,28,0
GN3#43,16,30,0
GN3#44,17,30,0
GN3#45,17,30,0
GN3#46,18,27,0
GN3#47,17,30,0
GR9#0,24,37,0
GR9#1,23,35,0
GR9#2,22,37,0
GR9#3,21,36,0
GR9#4,22,35,0
GR9#5,22,35,0
GR9#6,22,36,0
GR9#7,22,35,0
GR9#8,22,36,0
GR9#9,21,35,0
GR9#10,21,34,0
GR9#11,21,33,0
GR9#12,20,34,0
GR9#13,18,32,0
GR9#14,19,33,0
GR9#15,18,32,0
GR9#16,18,32,0
GR9#17,18,32,0
GR9#18,19,32,0
GR9#19,19,32,0
GR9#20,18,33,0
GR9#21,18,33,0
GR9#22,18,32,0
GR9#23,21,34,0
GR9#24,21,34,0
GR9#25,22,32,0
GR9#26,21,32,0
GR9#27,21,33,0
GR9#28,21,33,0
GR9#29,20,33,0
GR9#30,18,32,0
GR9#31,19,31,0
GR9#32,18,33,0
GR9#33,18,34,0
GR9#34,15,31,0
GR9#35,16,30,0
GR9#36,15,29,0
GR9#37,17,31,0
GR9#38,17,30,0
GR9#39,17,30,0
GR9#40,18,34,0
GR9#41,19,32,0
GR9#42,20,32,0
GR9#43,20,32,0
GR9#44,21,33,0
GR9#45,19,29,0
GR9#46,15,25,0
GR9#47,13,23,0
LW2#0,23,35,0
LW2#1,23,34,0
LW2#2,22,33,0
LW2#3,21,33,0
LW2#4,22,34,0
LW2#5,21,35,0
LW2#6,21,35,0
LW2#7,21,39,0
LW2#8,21,35,0
LW2#9,21,36,0
LW2#10,21,35,0
LW2#11,20,32,0
LW2#12,16,34,0
LW2#13,17,32,0
LW2#14,17,28,0
LW2#15,16,26,0
LW2#16,17,27,0
LW2#17,17,27,0
LW2#18,17,27,0
LW2#19,19,28,0
LW2#20,19,30,0
LW2#21,20,34,0
LW2#22,20,34,0
LW2#23,19,33,0
LW2#24,22,33,0
LW2#25,21,32,0
LW2#26,21,31,0
LW2#27,21,33,0
LW2#28,21,31,0
LW2#29,21,31,0
LW2#30,20,32,0
LW2#31,19,34,0
LW2#32,20,33,0
LW2#33,20,28,0
LW2#34,19,28,0
LW2#35,19,28,0
LW2#36,18,28,0
LW2#37,18,27,0
LW2#38,18,28,0
LW2#39,15,26,0
LW2#40,19,27,0
LW2#41,19,28,0
LW2#42,18,31,0
LW2#43,19,32,0
LW2#44,21,32,0
LW2#45,20,33,0
LW2#46,19,34,0
LW2#47,18,35,0
GN0#0,23,31,0
GN0#1,22,31,0
GN0#2,22,30,0
GN0#3,23,28,0
GN0#4,21,28,0
GN0#5,21,29,0
GN0#6,22,30,0
GN0#7,22,30,0
GN0#8,21,27,0
GN0#9,21,27,0
GN0#10,21,29,0
GN0#11,19,26,0
GN0#12,22,26,0
GN0#13,19,26,0
GN0#14,18,23,0
GN0#15,16,23,0
GN0#16,16,22,0
GN0#17,16,24,0
GN0#18,17,24,0
GN0#19,18,24,0
GN0#20,20,24,0
GN0#21,21,24,0
GN0#22,21,25,0
GN0#23,21,24,0
GN0#24,21,24,0
GN0#25,22,27,0
GN0#26,22,24,0
GN0#27,21,24,0
GN0#28,20,22,0
GN0#29,20,23,0
GN0#30,20,23,0
GN0#31,19,28,0
GN0#32,20,30,0
GN0#33,18,29,0
GN0#34,19,29,0
GN0#35,20,27,0
GN0#36,20,27,0
GN0#37,19,27,0
GN0#38,21,27,0
GN0#39,21,27,0
GN0#40,19,27,0
GN0#41,18,25,0
GN0#42,17,27,0
GN0#43,17,27,0
GN0#44,18,26,0
GN0#45,18,28,0
GN0#46,13,25,0
GN0#47,15,30,0
KF1#0,13,22,0
KF1#1,14,22,0
KF1#2,14,21,0
KF1#3,14,22,0
KF1#4,15,21,0
KF1#5,16,24,0
KF1#6,17,25,0
KF1#7,20,26,0
KF1#8,18,27,0
KF1#9,18,26,0
KF1#10,17,26,0
KF1#11,17,25,0
KF1#12,16,25,0
KF1#13,17,25,0
KF1#14,17,21,0
KF1#15,15,22,0
KF1#16,16,22,0
KF1#17,15,21,0
KF1#18,15,21,0
KF1#19,15,21,0
KF1#20,17,21,0
KF1#21,17,23,0
KF1#22,18,24,0
KF1#23,17,26,0
KF1#24,19,25,0
KF1#25,21,26,0
KF1#26,21,26,0
KF1#27,22,25,0
KF1#28,23,25,0
KF1#29,23,24,0
KF1#30,21,23,0
KF1#31,20,22,0
KF1#32,21,31,0
KF1#33,18,31,0
KF1#34,18,31,0
KF1#35,14,31,0
KF1#36,14,28,0
KF1#37,14,29,0
KF1#38,16,30,0
KF1#39,16,29,0
KF1#40,19,29,0
KF1#41,18,30,0
KF1#42,19,31,0
KF1#43,19,31,0
KF1#44,18,29,0
KF1#45,19,28,0
KF1#46,17,28,0
KF1#47,18,27,0
CD9#0,22,29,0
CD9#1,20,31,0
CD9#2,20,30,0
CD9#3,19,26,0
CD9#4,22,31,0
CD9#5,23,27,0
CD9#6,25,30,0
CD9#7,24,31,0
CD9#8,26,35,0
CD9#9,26,35,0
CD9#10,24,35,0
CD9#11,22,35,0
CD9#12,22,34,0
CD9#13,20,32,0
CD9#14,20,28,0
CD9#15,18,28,0
CD9#16,18,25,0
CD9#17,18,24,0
CD9#18,19,27,0
CD9#19,19,27,0
CD9#20,19,28,0
CD9#21,19,28,0
CD9#22,19,28,0
CD9#23,19,30,0
CD9#24,19,28,0
CD9#25,18,28,0
CD9#26,18,26,0
CD9#27,19,26,0
CD9#28,18,26,0
CD9#29,19,27,0
CD9#30,18,23,0
CD9#31,18,24,0
CD9#32,20,33,0
CD9#33,19,31,0
CD9#34,21,32,0
CD9#35,21,30,0
CD9#36,21,32,0
CD9#37,20,29,0
CD9#38,22,30,0
CD9#39,20,31,0
CD9#40,22,31,0
CD9#41,20,29,0
CD9#42,21,31,0
CD9#43,21,31,0
CD9#44,21,30,0
CD9#45,18,32,0
CD9#46,15,27,0
CD9#47,14,25,0
ST5#0,27,36,0
ST5#1,26,37,0
ST5#2,15,26,0
ST5#3,16,26,0
ST5#4,15,24,0
ST5#5,17,24,0
ST5#6,15,26,0
ST5#7,16,28,0
ST5#8,15,27,0
ST5#9,15,27,0
ST5#10,15,26,0
ST5#11,14,26,0
ST5#12,14,25,0
ST5#13,13,25,0
ST5#14,13,24,0
ST5#15,11,25,0
ST5#16,11,25,0
ST5#17,12,23,0
ST5#18,12,24,0
ST5#19,13,24,0
ST5#20,14,22,0
ST5#21,14,23,0
ST5#22,17,24,0
ST5#23,16,24,0
ST5#24,15,24,0
ST5#25,15,24,0
ST5#26,15,24,0
ST5#27,16,24,0
ST5#28,16,23,0
ST5#29,16,23,0
ST5#30,16,24,0
ST5#31,16,24,0
ST5#32,15,24,0
ST5#33,13,24,0
ST5#34,11,25,0
ST5#35,11,20,0
ST5#36,11,21,0
ST5#37,11,23,0
ST5#38,11,24,0
ST5#39,11,23,0
ST5#40,12,21,0
ST5#41,13,21,0
ST5#42,14,22,0
ST5#43,17,25,0
ST5#44,21,30,0
ST5#45,21,28,0
ST5#46,20,26,0
ST5#47,18,30,0
TH4#0,18,37,0
TH4#1,17,36,0
TH4#2,18,35,0
TH4#3,19,35,0
TH4#4,20,34,0
TH4#5,20,34,0
TH4#6,18,36,0
TH4#7,18,36,0
TH4#8,16,37,0
TH4#9,14,34,0
TH4#10,14,34,0
TH4#11,13,32,0
TH4#12,13,31,0
TH4#13,12,33,0
TH4#14,11,34,0
TH4#15,12,33,0
TH4#16,14,33,0
TH4#17,13,27,0
TH4#18,13,24,0
TH4#19,12,23,0
TH4#20,13,25,0
TH4#21,13,27,0
TH4#22,13,27,0
TH4#23,13,26,0
TH4#24,14,27,0
TH4#25,15,27,0
TH4#26,16,28,0
TH4#27,15,27,0
TH4#28,17,30,0
TH4#29,17,29,0
TH4#30,17,28,0
TH4#31,16,30,0
TH4#32,17,29,0
TH4#33,15,31,0
TH4#34,14,30,0
TH4#35,15,29,0
TH4#36,13,28,0
TH4#37,14,29,0
TH4#38,13,31,0
TH4#39,13,31,0
TH4#40,13,30,0
TH4#41,13,29,0
TH4#42,13,29,0
TH4#43,15,26,0
TH4#44,14,24,0
TH4#45,14,25,0
TH4#46,15,29,0
TH4#47,15,33,0
